-0.2810683781827803,1.8597196645680574,-0.8069983987797273,-0.8604714869985104,-0.07998113974596413,1.2800904106446183,0.4484869587057912,0.4484869590893255,-0.04690919829576867
-0.2808534726767467,1.8631186913002973,-0.8110359296068006,-0.8649497270033731,-0.035751819717698446,1.280363057784719,0.4451940498004664,0.4451940493198214,-0.04690919829576867
-0.28063972882209726,1.8665080514083434,-0.8146960710758246,-0.8694330170964669,0.007995343035585118,1.2806353674902404,0.44055757331805584,0.44055757353378106,-0.04690919829576867
-0.28042714661883167,1.8698889532202199,-0.8179828379672045,-0.8739193273403655,0.051105369389785264,1.2809070023266032,0.4346129136382099,0.4346129139029542,-0.04690919829576867
-0.28021572606695005,1.8732613967359266,-0.8209055981018839,-0.8784066690565332,0.09344050012347851,1.2811782997283865,0.4274009120977517,0.42740091166210875,-0.04690919829576867
-0.2800054671664526,1.8766241736274387,-0.8234737193008083,-0.882893045314657,0.1348543660639025,1.2814489222610115,0.41896750289119356,0.41896750276570477,-0.04690919829576867
-0.279796369917339,1.8799784922227813,-0.8256952311247869,-0.8873765251986482,0.17520920798963366,1.2817192073590569,0.4093633201413156,0.4093633205014981,-0.04690919829576867
-0.27958727266822525,1.8833243525219543,-0.8275821779150333,-0.8918552025477531,0.21436726667924863,1.281988817587944,0.3986432748440739,0.3986432746261711,-0.04690919829576867
-0.27937933707049556,1.8866605461969328,-0.8291479422728971,-0.8963272207118868,0.2522080028140019,1.2822580903822516,0.38686611334938914,0.3868661131098777,-0.04690919829576867
-0.27917256312414984,1.889988281575742,-0.8304045685395937,-0.9007907890551893,0.288602267123809,1.2825270257419796,0.37409395834961545,0.3740939586637038,-0.04690919829576867
-0.27896695082918804,1.893306350330357,-0.8313654393164707,-0.9052441664524702,0.32343813024126333,1.282795286232549,0.36039184565688637,0.360391845267131,-0.04690919829576867
-0.27876250018561033,1.8966171691168259,-0.8320466137251478,-0.90968569429632,0.35660366279895833,1.2830632092885392,0.3458272519103737,0.3458272520868358,-0.04690919829576867
-0.2785592111934166,1.8999183212791015,-0.8324614743669755,-0.9141137634899987,0.3879955453808265,1.2833307949099502,0.330469630381843,0.33046963043905264,-0.04690919829576867
-0.2783559222012226,1.9032098068171825,-0.8326287568838412,-0.9185268557063254,0.41752767847347805,1.2835977056622023,0.3143899500205256,0.31438994988213753,-0.04690919829576867
-0.2781549565117967,1.906494042387118,-0.8325645203973652,-0.9229235351359015,0.44509674266084553,1.2838642789798749,0.2976602500467257,0.29766025039600846,-0.04690919829576867
-0.277953990822371,1.9097686113328596,-0.8322848240291651,-0.9273024402353311,0.47063385833221716,1.2841301774283889,0.280353206530908,0.28035320673535374,-0.04690919829576867
-0.277754186784329,1.9130347219824313,-0.8318097416812666,-0.9316622919790001,0.4940615359255422,1.2843957384423241,0.2625417232676794,0.262541723217244,-0.04690919829576867
-0.27755554439767094,1.9162923743358335,-0.8311553324752872,-0.9360019186144106,0.5153195057814479,1.2846609620216796,0.24429854402927553,0.2442985441607264,-0.04690919829576867
-0.27735690201101304,1.9195415683930654,-0.8303403320531167,-0.9403201978997334,0.5343561081919006,1.2849255107318764,0.22569588846608168,0.22569588867394158,-0.04690919829576867
-0.27716058292712303,1.9227823041541279,-0.8293861525769146,-0.9446161478733682,0.5511024635461885,1.2851897220074937,0.2068051187806844,0.2068051184843155,-0.04690919829576867
-0.27696426384323297,1.926013373290996,-0.828308853168298,-0.948888827832605,0.5655413519416336,1.2854535958485318,0.18769643328827032,0.18769643359448862,-0.04690919829576867
-0.2767691064107269,1.9292371924597187,-0.8271298459894282,-0.9531374208514066,0.5776297236215411,1.285717132254991,0.16843859010269868,0.16843859054666718,-0.04690919829576867
-0.2765751106296049,1.9324513450042475,-0.8258665284220568,-0.957361184269739,0.5873331387805553,1.285979993792291,0.1490986612721703,0.14909866155603194,-0.04690919829576867
-0.27638227649986663,1.9356582475806303,-0.8245389743682104,-0.9615594744489062,0.5946515974186758,1.2862425178950119,0.1297418176884301,0.12974181799167148,-0.04690919829576867
-0.27618944237012855,1.9388566918608432,-0.8231672577299098,-0.9657317220162152,0.5995678796332251,1.286504367128574,0.11043114250198277,0.11043114255281712,-0.04690919829576867
-0.27599776989177444,1.9420466778448868,-0.821770114149047,-0.9698774483685333,0.6020819854242031,1.2867662163621365,0.09122747498690255,0.0912274753576989,-0.04690919829576867
-0.2758072590648042,1.9452282055327605,-0.8203662792675085,-0.9739962739240652,0.6021939147916096,1.28702739072654,0.07218928096806594,0.07218928090170905,-0.04690919829576867
-0.27561790988921786,1.9484024832524882,-0.8189731504670498,-0.9780878851152411,0.5999122776867838,1.2872878902217844,0.05337255045866434,0.05337255066730289,-0.04690919829576867
-0.2754297223650155,1.9515670943480223,-0.8176121399098302,-0.9821520591440508,0.5952715139150814,1.2875483897170295,0.03483072088833651,0.03483072051632182,-0.04690919829576867
-0.2752415348408133,1.9547244554754108,-0.8162993067174669,-0.9861886474784872,0.5882802334278414,1.2878085517776952,0.016614621386880243,0.016614621125388203,-0.04690919829576867
-0.2750545089679951,1.9578745666346544,-0.8150533865318503,-0.9901975841043255,0.5789728760304197,1.2880680389692019,-0.0012275589610776117,-0.0012275585353830934,-0.04690919829576867
-0.27486864474656053,1.961016219497727,-0.8138917767347343,-0.9941788855251216,0.5673924914795111,1.2883271887261292,-0.01865028504515436,-0.018650285115255953,-0.04690919829576867
-0.27468278052512624,1.9641494140646305,-0.8128305364477373,-0.9981326177551012,0.5535735195804716,1.2885860010484775,-0.03561067281382105,-0.03561067305688167,-0.04690919829576867
-0.27449923960645994,1.967275358663388,-0.8118884013127485,-1.0020589293262707,0.5375762299926737,1.288844138501667,-0.05206846886669658,-0.05206846894432051,-0.04690919829576867
-0.27431569868779343,1.9703928449659762,-0.8110787539311186,-1.0059580512884188,0.5194436724728123,1.2891022759548565,-0.0679860190331451,-0.0679860193295241,-0.04690919829576867
-0.27413215776912697,1.9735030813004184,-0.8104189916845995,-1.0098302559502241,0.49923611668026047,1.2893597385388875,-0.08332822366967563,-0.08332822377639469,-0.04690919829576867
-0.2739509401532285,1.9766060676667154,-0.809922497174542,-1.0136758898863698,0.47702244222572954,1.289617201122918,-0.09806248388724015,-0.09806248355707092,-0.04690919829576867
-0.27376972253733006,1.9797018040648662,-0.8096039912624292,-1.0174953656857633,0.4528629187685924,1.2898739888377901,-0.11215864065203338,-0.1121586407831127,-0.04690919829576867
-0.2735896665728155,1.982789082166848,-0.8094781948097461,-1.0212891454479809,0.4268350358708997,1.2901304391180834,-0.1255889074076525,-0.1255889079715907,-0.04690919829576867
-0.2734107722596849,1.9858691103006836,-0.8095584904178416,-1.025057749035047,0.3990076731433633,1.2903865519637967,-0.13832779751434504,-0.13832779761117203,-0.04690919829576867
-0.27323187794655435,1.9889406801383491,-0.8098542459076601,-1.0288017458196541,0.36946693009937276,1.290642327374931,-0.1503520497446702,-0.1503520499890986,-0.04690919829576867
-0.27305414528480787,1.9920062083358943,-0.8103801821406867,-1.032521762936942,0.3382816863496398,1.2908974279169065,-0.16164055053983278,-0.16164055058351257,-0.04690919829576867
-0.2728775742744451,1.9950632782372695,-0.8111443286777299,-1.0362184687809415,0.305555261310232,1.2911525284588818,-0.17217425853354976,-0.17217425875998782,-0.04690919829576867
-0.27270100326408253,1.998114306498523,-0.8121600681201392,-1.0398925977599078,0.2713651445432001,1.291407291566278,-0.181936128104112,-0.18193612777251894,-0.04690919829576867
-0.2725255939051039,2.0011568764636065,-0.8134340917685886,-1.0435449090374318,0.2357974355619337,1.2916613798045156,-0.1909110329264545,-0.1909110325904989,-0.04690919829576867
-0.2723513461975092,2.0041934047885688,-0.814977105704159,-1.0471762112877725,0.1989640637338394,1.2919154680427531,-0.19908569665072257,-0.1990856968561423,-0.04690919829576867
-0.2721770984899145,2.0072214748173622,-0.8167958012275244,-1.0507873461923016,0.16094251862096787,1.292168881411832,-0.2064486229329771,-0.20644862332012923,-0.04690919829576867
-0.2720040124337037,2.0102435032060337,-0.818898207899494,-1.0543792049430603,0.12183611963938666,1.2924222947809112,-0.21299003259240187,-0.21299003210323386,-0.04690919829576867
-0.2718320880288768,2.0132570732985355,-0.821289678760608,-1.0579527117392014,0.08174818620516341,1.292675033280831,-0.21870180206423737,-0.2187018015666234,-0.04690919829576867
-0.2716613252754341,2.016264601750916,-0.8239755668514063,-1.0615088237869912,0.040773427783026686,1.2929277717807512,-0.22357741124674205,-0.22357741092125996,-0.04690919829576867
-0.27149056252199133,2.0192648802351507,-0.8269625634725625,-1.0650485395515865,-0.0009762262596168967,1.2931798354115127,-0.2276118945874724,-0.22761189414151384,-0.04690919829576867
-0.2713209614199325,2.0222579087512393,-0.8302520068842121,-1.0685728740017006,-0.04340606645803881,1.2934318990422742,-0.2308017967046078,-0.23080179648744042,-0.04690919829576867
-0.2711513603178735,2.025243687299183,-0.8338492501268946,-1.0720828751131588,-0.08640416344483239,1.2936832878038773,-0.23314513837410003,-0.23314513885304514,-0.04690919829576867
-0.2709829208671988,2.028223424207006,-0.8377556314607453,-1.0755796321206779,-0.1298758077552691,1.2939343391309008,-0.234641384460413,-0.23464138472321527,-0.04690919829576867
-0.2708156430679078,2.031194702818658,-0.841973827406034,-1.0790642507625305,-0.17370046007060336,1.2941853904579246,-0.23529142026949124,-0.23529142017396407,-0.04690919829576867
-0.27064952692000077,2.0341599397901895,-0.8465024997026254,-1.0825378450287677,-0.21778341092610662,1.2944357669157893,-0.23509753405643777,-0.2350975338726807,-0.04690919829576867
-0.27048341077209387,2.0371191351215994,-0.8513429866106547,-1.0860015784201094,-0.2620127309543723,1.2946861433736538,-0.23406340698362224,-0.23406340664347447,-0.04690919829576867
-0.27031729462418685,2.0400698721568395,-0.8564952881301219,-1.0894566144372755,-0.3062851007393327,1.2949358449623602,-0.23219410534631735,-0.23219410538029417,-0.04690919829576867
-0.27015350177904784,2.043014567551958,-0.861955389480623,-1.09290414133632,-0.35048859091358153,1.2951855465510667,-0.22949608251628814,-0.22949608217737388,-0.04690919829576867
-0.26998970893390883,2.0459520129789315,-0.867723290662156,-1.0963453721286325,-0.394511272109712,1.295434573270614,-0.22597718542043194,-0.2259771856334406,-0.04690919829576867
-0.26982591608876977,2.048883416765784,-0.8737949768943187,-1.0997815033220446,-0.43825843486299554,1.2956835999901615,-0.22164666458266702,-0.22164666432993285,-0.04690919829576867
-0.2696644465463988,2.0518075705844896,-0.8801664333967041,-1.1032137809350586,-0.4816181498060258,1.29593195184055,-0.21651519096839317,-0.21651519117852497,-0.04690919829576867
-0.26950297700402764,2.054724474435051,-0.886833645388908,-1.106643434482619,-0.5244870975227349,1.2961803036909392,-0.210594876392203,-0.21059487646444575,-0.04690919829576867
-0.26934150746165647,2.057634128317466,-0.8937899215702565,-1.1100717099832276,-0.5667619585970554,1.2964279806721692,-0.2038992961931159,-0.20389929654177485,-0.04690919829576867
-0.26918119957066944,2.0605377405597607,-0.9010312471603446,-1.113499869958942,-0.6083394136129195,1.2966756576533995,-0.1964435187123828,-0.1964435181809702,-0.04690919829576867
-0.2690220533310663,2.063434102833909,-0.9085482543382274,-1.116929143924707,-0.6491161431542601,1.2969226597654713,-0.18824413120804137,-0.18824413161193496,-0.04690919829576867
-0.2688629070914632,2.0663244234679365,-0.9163355900633648,-1.1203608026543594,-0.6889888278050091,1.2971696618775426,-0.179319275163494,-0.1793192748715464,-0.04690919829576867
-0.26870608415462793,2.0692074941338183,-0.9243852247749483,-1.1237960921663999,-0.7278713680517773,1.2974159891204555,-0.1696886741456549,-0.1696886738031596,-0.04690919829576867
-0.26854809956640874,2.0720833148315534,-0.932686452391898,-1.1272362419757738,-0.7656604444784968,1.2976623163633683,-0.1593736684656632,-0.1593736690127975,-0.04690919829576867
-0.2683912766295734,2.0749518855611444,-0.9412312433534046,-1.1306825063527608,-0.8022613476204391,1.2979079687371224,-0.1483972456284865,-0.1483972454340021,-0.04690919829576867
-0.26823561534412227,2.0778144146506143,-0.9500088915783882,-1.1341360900569715,-0.8375879779642144,1.2981536211108768,-0.13678406786713354,-0.1367840679795695,-0.04690919829576867
-0.26808111571005483,2.0806696937719376,-0.9590100292459042,-1.137598222603351,-0.8715456260450944,1.2983985986154725,-0.12456049967686532,-0.12456049980219276,-0.04690919829576867
-0.2679266160759876,2.08351893125314,-0.968222612014739,-1.1410700674926193,-0.9040654122523667,1.298643576120068,-0.11175462919470555,-0.11175462925065152,-0.04690919829576867
-0.2677732780933043,2.086359710438172,-0.977635933803813,-1.1445528212326088,-0.9350440171699648,1.298887878755505,-0.09839628439603523,-0.09839628465223732,-0.04690919829576867
-0.26761994011062096,2.0891944479830835,-0.9872366120117761,-1.148047614316927,-0.9644211711385148,1.2991321813909416,-0.08451704475614052,-0.08451704474740863,-0.04690919829576867
-0.2674677637793216,2.0920219355598495,-0.9970126022974153,-1.1515555689874026,-0.9921107746446279,1.2993758091572198,-0.07015024319380676,-0.07015024303756175,-0.04690919829576867
-0.2673167490994061,2.094843381496494,-1.0069505220593795,-1.1550777662269744,-1.018043948077592,1.2996194369234984,-0.055330960888404966,-0.055330960828596204,-0.04690919829576867
-0.26716573441949065,2.0976563691369687,-1.0170369886963213,-1.158615270515024,-1.042160421778034,1.2998623898206176,-0.04009601237902615,-0.04009601244848749,-0.04690919829576867
-0.2670158813909593,2.100463315137322,-1.0272586196068907,-1.162169088568487,-1.064399926086582,1.3001050052831578,-0.024483919325994617,-0.024483919160653962,-0.04690919829576867
-0.26686602836242773,2.103261802841506,-1.0376006939296036,-1.1657401858454066,-1.0847021913438624,1.3003472833111187,-0.00853487163903569,-0.008534871773113484,-0.04690919829576867
-0.26671733698528033,2.1060542489055676,-1.0480498290631104,-1.1693295030484934,-1.1030155578418424,1.3005892239045005,0.007709322084306221,0.007709321534785774,-0.04690919829576867
-0.2665698072595168,2.108839445001485,-1.0585913041459272,-1.1729379066144532,-1.119288365872487,1.3008308270633027,0.024205299021122714,0.02420529868984137,-0.04690919829576867
-0.2664222775337533,2.111617391129256,-1.069209060056435,-1.176566238224658,-1.133486175630441,1.3010720927875252,0.0409082227821859,0.04090822285445454,-0.04690919829576867
-0.26627590945937374,2.114388087288881,-1.079888375933149,-1.1802152487909199,-1.1455831572616872,1.301313021077169,0.057771876704348746,0.057771876338513606,-0.04690919829576867
-0.26613070303637804,2.117151533480362,-1.0906158691747205,-1.1838856644697164,-1.1555362610095317,1.3015536119322328,0.07474877333952787,0.07474877364147668,-0.04690919829576867
-0.2659854966133826,2.119907729703696,-1.1013741423993957,-1.1875781288997438,-1.1633282669712952,1.3017935279181383,0.0917902827317499,0.09179028232044499,-0.04690919829576867
-0.2658414518417709,2.1226566759588845,-1.1121498130058247,-1.1912932279572512,-1.1689419552443008,1.3020331064694648,0.10884677235574035,0.10884677255353137,-0.04690919829576867
-0.2656974070701593,2.1253971639179037,-1.1229254836122535,-1.1950314815042622,-1.172368715877209,1.3022726850207909,0.1258677681110894,0.12586776844234088,-0.04690919829576867
-0.26555452394993173,2.1281316102368013,-1.1336877716173337,-1.1987933268850193,-1.173617158821359,1.3025115887029586,0.14280212762582997,0.14280212714019325,-0.04690919829576867
-0.26541164082970387,2.13085759825953,-1.14442195615958,-1.2025791354295392,-1.1726700641740728,1.3027501549505467,0.15959823040447818,0.15959823015410865,-0.04690919829576867
-0.26527108101224434,2.1335775446421366,-1.1551133163775087,-1.2063892124536135,-1.1695618717407066,1.3029880463289765,0.17620418384873332,0.1762041842118908,-0.04690919829576867
-0.2651293595434006,2.136287824400549,-1.1657457931494997,-1.2102237642516966,-1.1642925815212595,1.3032259377074058,0.1925680393200737,0.19256803952030377,-0.04690919829576867
-0.2649899613773248,2.1389920625188403,-1.1763060038742055,-1.214082939355795,-1.1568966333210884,1.3034631542166766,0.20863802504680704,0.20863802541433324,-0.04690919829576867
-0.2648505632112491,2.1416878423409624,-1.186779227690141,-1.2179667955283557,-1.1474084669455482,1.3037000332913682,0.2243627861576241,0.2243627860064514,-0.04690919829576867
-0.2647111650451733,2.1443763721949383,-1.197153420256092,-1.2218753080140443,-1.1358711321513346,1.3039365749314806,0.23969163572884253,0.2396916358356343,-0.04690919829576867
-0.26457409018186545,2.1470564437527444,-1.2074138607105742,-1.2258083695397448,-1.1223276786951417,1.3041727791370137,0.25457481231028295,0.2545748120381597,-0.04690919829576867
-0.26443585366717354,2.149729265342405,-1.2175485047123733,-1.229765798566338,-1.1068383762363427,1.304408308473388,0.26896374198619283,0.2689637421703874,-0.04690919829576867
-0.26429994045524985,2.1523948369639196,-1.2275453079202752,-1.2337473145333662,-1.0894634944343105,1.3046435003751826,0.2828113033515648,0.2828113033359927,-0.04690919829576867
-0.264164027243326,2.1550519502892653,-1.237392225993065,-1.2377525708661472,-1.0702633029484176,1.304878354842398,0.2960720908687828,0.29607209087830305,-0.04690919829576867
-0.264029275682786,2.157700605318441,-1.247078552849664,-1.2417811384722168,-1.0493239012920537,1.3051125344404548,0.3087026779003489,0.3087026783770839,-0.04690919829576867
