11.44825,29.16137,42.41334,2064.5356,-0.58475,86.16151,9.970612016,3.714315319,0.0
11.4501,29.1895,42.38317,2059.1086,-0.53338,86.16959,9.960446581,3.710528426,0.0
11.45194,29.21755,42.35582,2053.67548,-0.48257,86.17766,9.946133461,3.705196413,0.0
11.45377,29.24553,42.33126,2048.2387,-0.4325,86.18571,9.92778189,3.69835997,0.0
11.45559,29.27344,42.30942,2042.80067,-0.38333,86.19375,9.905517948,3.690066065,0.0
11.4574,29.30127,42.29023,2037.36381,-0.3352299999999999,86.20177,9.879483437,3.680367525,0.0
11.4592,29.32903,42.27363,2031.93046,-0.28836,86.20978,9.849834668,3.669322579,0.0
11.461,29.35672,42.25953,2026.50293,-0.24288,86.21777,9.816741155,3.656994374,0.0
11.46279,29.38433,42.24783,2021.08347,-0.19893,86.22575,9.780384252,3.643450471,0.0
11.46457,29.41187,42.23844,2015.67425,-0.15666000000000002,86.23372,9.740955736,3.628762312,0.0
11.46634,29.43933,42.23126,2010.27738,-0.11619999999999997,86.24167,9.698656377,3.613004687,0.0
11.4681,29.46673,42.22617,2004.89487,-0.07768000000000003,86.24961,9.65369448,3.596255198,0.0
11.46985,29.49405,42.22307,1999.52867,-0.04121999999999998,86.25754,9.606284452,3.578593715,0.0
11.4716,29.52129,42.22182,1994.18062,-0.006919999999999982,86.26545,9.556645379,3.560101854,0.0
11.47333,29.54847,42.2223,1988.85246,0.02510000000000001,86.27335,9.504999651,3.540862462,0.0
11.47506,29.57557,42.22439,1983.54584,0.05476000000000003,86.28123,9.451571624,3.520959116,0.0
11.47678,29.6026,42.22794,1978.26231,0.08196999999999999,86.2891,9.396586357,3.500475657,0.0
11.47849,29.62956,42.23283,1973.00329,0.10665999999999998,86.29696,9.340268415,3.479495742,0.0
11.4802,29.65645,42.23892,1967.77014,0.12876999999999994,86.3048,9.282840745,3.458102424,0.0
11.48189,29.68327,42.24605,1962.56405,0.14822000000000002,86.31263,9.224523647,3.43637777,0.0
11.48358,29.71001,42.2541,1957.38616,0.16498999999999997,86.32045,9.165533828,3.414402511,0.0
11.48526,29.73669,42.26291,1952.23746,0.17903000000000002,86.32826,9.106083549,3.392255718,0.0
11.48693,29.76329,42.27235,1947.11885,0.19030000000000002,86.33605,9.046379866,3.370014525,0.0
11.48859,29.789830000000002,42.28227,1942.03111,0.19879999999999998,86.34383,8.986623966,3.34775388,0.0
11.49025,29.8163,42.29252,1936.97493,0.20450999999999997,86.35159,8.927010591,3.325546329,0.0
11.4919,29.8427,42.30296,1931.95089,0.20743,86.35935,8.867727556,3.303461839,0.0
11.49354,29.869030000000002,42.31345,1926.95945,0.20755999999999997,86.36709,8.808955349,3.281567645,0.0
11.49517,29.8953,42.32386,1922.00099,0.20491000000000004,86.37481,8.750866815,3.259928138,0.0
11.49679,29.92149,42.33403,1917.07578,0.19952000000000003,86.38253,8.693626919,3.23860477,0.0
11.49841,29.94762,42.34384,1912.184,0.19140000000000001,86.39024,8.637392574,3.217655997,0.0
11.50002,29.973690000000005,42.35315,1907.32573,0.18058999999999992,86.39793,8.582312543,3.197137237,0.0
11.50162,29.99969,42.36183,1902.50095,0.16713999999999996,86.40561,8.528527396,3.177100854,0.0
11.50322,30.025620000000004,42.36976,1897.70958,0.15109000000000006,86.41328,8.476169519,3.157596167,0.0
11.5048,30.05149,42.3768,1892.95144,0.13251000000000002,86.42093,8.425363177,3.138669468,0.0
11.50638,30.077290000000005,42.38285,1888.22625,0.11144999999999994,86.42858,8.376224611,3.120364059,0.0
11.50796,30.103030000000004,42.38778,1883.53368,0.08798000000000006,86.43621,8.328862176,3.102720306,0.0
11.50952,30.128710000000005,42.39149,1878.87331,0.06218000000000001,86.44384,8.283376507,3.085775698,0.0
11.51108,30.15433,42.39387,1874.2446399999997,0.03412000000000004,86.45145,8.239860707,3.069564917,0.0
11.51263,30.179880000000004,42.39481,1869.64711,0.0038900000000000046,86.45905,8.198400555,3.054119919,0.0
11.51417,30.205370000000002,42.39421,1865.0800900000002,-0.028430000000000066,86.46664,8.15907473,3.039470015,0.0
11.51571,30.23079,42.392,1860.54289,-0.06274000000000002,86.47422,8.121955041,3.025641954,0.0
11.51724,30.25616,42.38807,1856.03475,-0.09895999999999999,86.48178,8.087106667,3.012660018,0.0
11.51876,30.281460000000003,42.38236,1851.55486,-0.13697000000000004,86.48934,8.05458839,3.000546104,0.0
11.52028,30.306710000000002,42.37477,1847.10233,-0.17668,86.49689,8.024452831,2.989319816,0.0
11.52179,30.33189,42.36525,1842.67624,-0.21799000000000002,86.50442,7.996746686,2.978998548,0.0
11.52329,30.35702,42.35372,1838.27561,-0.26077,86.51195,7.97151094,2.969597568,0.0
11.52479,30.382080000000002,42.34013,1833.89942,-0.30493,86.51946,7.948781083,2.961130098,0.0
11.52628,30.407090000000004,42.32442,1829.54659,-0.35035,86.52697,7.928587304,2.953607385,0.0
11.52776,30.432030000000005,42.30655,1825.216,-0.39691,86.53446,7.910954681,2.947038769,0.0
11.52923,30.456920000000004,42.28648,1820.90649,-0.4445,86.54195,7.895903342,2.941431749,0.0
11.5307,30.481750000000005,42.26416,1816.61685,-0.49299,86.54942,7.883448616,2.936792036,0.0
11.53216,30.506520000000002,42.23958,1812.34585,-0.54227,86.55689,7.87360117,2.933123603,0.0
11.53362,30.53123,42.2127,1808.09222,-0.59221,86.56434,7.866367114,2.930428726,0.0
11.53507,30.555890000000005,42.18351,1803.85464,-0.6427,86.57178,7.8617481,2.928708022,0.0
11.53651,30.58048,42.15199,1799.63177,-0.6936,86.57922,7.859741395,2.927960472,0.0
11.53794,30.605020000000003,42.11815,1795.42226,-0.7448,86.58664,7.860339935,2.928183444,0.0
11.53937,30.629510000000003,42.08198,1791.2247,-0.79617,86.59406,7.863532356,2.929372705,0.0
11.5408,30.653930000000003,42.04348,1787.03768,-0.84759,86.60146,7.869303018,2.931522428,0.0
11.54221,30.6783,42.00268,1782.85976,-0.89893,86.60886,7.877631999,2.934625193,0.0
11.54362,30.70261,41.95958,1778.68947,-0.95006,86.61624,7.888495075,2.938671974,0.0
11.54503,30.726870000000005,41.91421,1774.52536,-1.00087,86.62362,7.901863689,2.943652135,0.0
11.54642,30.75107,41.8666,1770.36592,-1.05123,86.63098,7.917704899,2.949553402,0.0
11.54781,30.77521,41.81678,1766.20966,-1.10102,86.63834,7.935981315,2.956361848,0.0
11.5492,30.79929,41.7648,1762.05507,-1.15012,86.64568,7.956651029,2.96406186,0.0
11.55058,30.823320000000002,41.71069,1757.9006199999997,-1.19841,86.65302,7.979667524,2.972636111,0.0
11.55195,30.84729,41.65452,1753.7448200000001,-1.24577,86.66034,8.004979594,2.982065522,0.0
11.55332,30.871210000000005,41.59633,1749.5861299999997,-1.29208,86.66766,8.032531235,2.992329234,0.0
11.55467,30.895070000000004,41.53618,1745.42304,-1.33724,86.67496,8.062261559,3.003404562,0.0
11.55603,30.91886999999999,41.47415,1741.25406,-1.38113,86.68226,8.094104687,3.015266964,0.0
11.55738,30.942610000000002,41.4103,1737.07767,-1.42364,86.68954,8.127989655,3.027890007,0.0
11.55872,30.966300000000004,41.34471,1732.89241,-1.46467,86.69682,8.163840329,3.041245326,0.0
11.56005,30.98993,41.27745,1728.69679,-1.5041100000000003,86.70408,8.20157532,3.055302603,0.0
11.56138,31.013510000000004,41.20861,1724.4894,-1.54188,86.71134,8.241107918,3.070029536,0.0
11.5627,31.03702,41.13827,1720.26879,-1.5778600000000003,86.71858,8.282346042,3.085391822,0.0
11.56402,31.06048,41.06653,1716.03359,-1.61198,86.72582,8.325192204,3.101353145,0.0
11.56533,31.08388,40.99348,1711.78244,-1.6441400000000002,86.73304,8.369543503,3.117875171,0.0
11.56663,31.10723,40.91922,1707.5140299999998,-1.6742600000000003,86.74026,8.415291641,3.134917556,0.0
11.56793,31.13051,40.84385,1703.2270700000001,-1.70227,86.74746,8.462322969,3.152437963,0.0
11.56922,31.15374,40.76747,1698.92034,-1.7281,86.75465,8.510518568,3.170392092,0.0
11.57051,31.176900000000003,40.69019,1694.59267,-1.75168,86.76183,8.559754369,3.188733723,0.0
11.57179,31.20001,40.61211,1690.24292,-1.7729500000000002,86.769,8.609901306,3.207414776,0.0
11.57306,31.223060000000004,40.53334,1685.87004,-1.7918500000000002,86.77616,8.660825515,3.226385384,0.0
11.57433,31.246050000000004,40.454,1681.47301,-1.8083400000000003,86.78331,8.712388583,3.245593984,0.0
11.57559,31.26898,40.3742,1677.05092,-1.8223899999999995,86.79045,8.764447836,3.264987425,0.0
11.57684,31.291850000000004,40.29404,1672.60289,-1.8339500000000002,86.79758,8.816856677,3.284511098,0.0
11.57809,31.314660000000003,40.21365,1668.12814,-1.843,86.80469,8.869464982,3.304109075,0.0
11.57933,31.33741,40.13313,1663.62596,-1.84952,86.81179,8.922119532,3.323724281,0.0
11.58057,31.36009,40.05261,1659.0957200000003,-1.8535,86.81889,8.97466451,3.343298668,0.0
11.5818,31.38272,39.97219,1654.53689,-1.85495,86.82597,9.026942036,3.362773421,0.0
11.58303,31.405280000000005,39.89198,1649.94902,-1.85385,86.83304,9.078792754,3.382089178,0.0
11.58424,31.42779,39.81209,1645.33174,-1.8502400000000003,86.84009,9.130056468,3.401186261,0.0
11.58546,31.45022,39.73264,1640.6848,-1.8441200000000002,86.84714,9.180572809,3.420004927,0.0
11.58666,31.4726,39.65373,1636.00802,-1.8355300000000003,86.85417,9.230181954,3.438485639,0.0
11.58786,31.494910000000004,39.57547,1631.30133,-1.82451,86.86119,9.278725367,3.456569337,0.0
11.58906,31.517160000000004,39.49795,1626.56476,-1.8111100000000002,86.8682,9.326046574,3.474197732,0.0
11.59024,31.539340000000003,39.42128,1621.79844,-1.7953800000000002,86.8752,9.371991958,3.491313596,0.0
11.59143,31.561460000000004,39.34555,1617.00259,-1.77739,86.88218,9.416411568,3.50786107,0.0
11.5926,31.58352,39.27085,1612.17755,-1.7572100000000002,86.88915,9.459159937,3.523785962,0.0
11.59377,31.605510000000002,39.19727,1607.32374,-1.7349100000000002,86.89611,9.500096895,3.539036056,0.0
11.59493,31.627430000000004,39.12489,1602.44168,-1.7105900000000003,86.90305,9.539088381,3.553561411,0.0
