-0.7297868373433274,-1.070163852888032,0.45707264429160166,0.6002939561599651,0.799723299407468,-1.8692009292740184,0.38188916060746975,0.38188916060779776,-0.3228387596050744
-0.7230859582076956,-1.0673260278232546,0.4588975403756257,0.5964077274053998,0.8481995517161336,-1.8687027991648497,0.3599235358792132,0.3599235358795418,-0.3228387596050744
-0.716392503046289,-1.0644909570370908,0.4612061608466826,0.592531509633881,0.8954024510319631,-1.8682025523555006,0.3355175939475435,0.33551759394787045,-0.3228387596050744
-0.7097079566539528,-1.0616586405295405,0.46398158240260073,0.5886672203720122,0.9411987394836131,-1.8677015999794244,0.3087885934390733,0.3087885934394004,-0.3228387596050744
-0.7030308342358417,-1.0588281602077325,0.4672097022915741,0.5848166941365872,0.9854995784901885,-1.867198530903168,0.2798608889927439,0.2798608889930719,-0.3228387596050744
-0.6963626205868004,-1.056000434164538,0.4708735972114302,0.5809817073375331,1.0281865166104949,-1.8666933451267302,0.248864976447135,0.24886497644746305,-0.3228387596050744
-0.6897018309119847,-1.053174544307086,0.474954933584819,0.5771639450739863,1.0691707152636365,-1.8661867482168395,0.21593652596265472,0.21593652596298338,-0.3228387596050744
-0.6830499500062392,-1.0503514087282473,0.4794353778343897,0.5733650094352734,1.10833372300842,-1.8656787401734949,0.18121541490762672,0.18121541490795576,-0.3228387596050744
-0.6764054930747186,-1.047530109335151,0.4842951861076101,0.5695864028989492,1.1456015076940984,-1.8651686154299696,0.14484477167718302,0.144844771677513,-0.3228387596050744
-0.6697699449122685,-1.0447115642206684,0.4895146145519479,0.5658295449327596,1.1808852307397764,-1.8646570795529906,0.10697004080012038,0.10697004080045007,-0.3228387596050744
-0.6631433055188882,-1.0418957733847989,0.49507109876450833,0.5620957719946402,1.2141256664248572,-1.8641434269758308,0.06773807873503235,0.06773807873536208,-0.3228387596050744
-0.6565226053048883,-1.039080900641801,0.5009448948927623,0.558386287726831,1.2452487825985943,-1.8636283632652173,0.02729628868637755,0.027296288686708012,-0.3228387596050744
-0.6499108138599585,-1.0362697002702874,0.507113438533814,0.5547022376647056,1.2741953535403907,-1.8631111828544231,-0.014208198355490193,-0.014208198355159326,-0.3228387596050744
-0.6433064463892539,-1.0334594179916452,0.5135527550095892,0.5510446511299041,1.3009209599597984,-1.8625925913101757,-0.05662929031391506,-0.0566292903135853,-0.3228387596050744
-0.6367109876876195,-1.0306518899916164,0.5202416901923754,0.5474144578322949,1.3253515697060714,-1.862071883065747,-0.09982264364281063,-0.09982264364247902,-0.3228387596050744
-0.6301229529602104,-1.027847116270201,0.5271548591289184,0.5438124795689934,1.3474871827792099,-1.861549058121138,-0.14364631217633067,-0.14364631217599946,-0.3228387596050744
-0.6235423422070262,-1.0250441787345281,0.5342711076915025,0.5402394717292681,1.3672685734586165,-1.8610248220430754,-0.18796133269937473,-0.18796133269904247,-0.3228387596050744
-0.6169691554280674,-1.0222430773845974,0.5415636406516942,0.536696065187672,1.384680935314142,-1.8604984692648325,-0.23263224577508473,-0.23263224577475236,-0.3228387596050744
-0.6104048774181787,-1.0194438122204093,0.5490098936065995,0.5331828078089492,1.3997094619156374,-1.8599707053531354,-0.277527551387684,-0.2775275513873513,-0.3228387596050744
-0.6038465385876699,-1.0166463832419632,0.5565858918781423,0.5297001644480341,1.412339346832953,-1.859440119174531,-0.3225200998624656,-0.3225200998621325,-0.3228387596050744
-0.5972971085262315,-1.0138517085421308,0.5642676607882497,0.5262484920471078,1.4225705900660892,-1.8589088274291994,-0.3674874193488307,-0.36748741934849727,-0.3228387596050744
-0.5907551024390183,-1.0110588700280407,0.5720312256588466,0.5228280728395236,1.430403191615046,-1.8583747134169604,-0.4123119818722432,-0.4123119818719092,-0.3228387596050744
-0.5842190355311853,-1.008267867699693,0.5798526118118577,0.5194391143498058,1.4358223450496739,-1.857838482704541,-0.45688141054475667,-0.4568814105444228,-0.3228387596050744
-0.5776918773924223,-1.0054787015570876,0.5877064342940286,0.5160817161897253,1.4388724696604205,-1.8573008408586678,-0.5010886310691851,-0.5010886310688516,-0.3228387596050744
-0.5711706584330395,-1.0026922896930957,0.5955729492528272,0.5127559198641879,1.4395535654472866,-1.8567610823126142,-0.5448319710354592,-0.5448319710351257,-0.3228387596050744
-0.5646568634478819,-0.9999067959219747,0.603425361459818,0.5094617004702496,1.4378804388404205,-1.8562192070663797,-0.5880152108261945,-0.5880152108258596,-0.3228387596050744
-0.5581504924369494,-0.9971231383365964,0.6112411065121058,0.506198933493197,1.4339123155604196,-1.8556752151199645,-0.630547590168908,-0.6305475901685731,-0.3228387596050744
-0.5516515454002421,-0.9943422350298313,0.6190004405571607,0.5029674529134099,1.4276491956072843,-1.855129106473369,-0.6723437744805013,-0.6723437744801668,-0.3228387596050744
-0.5451600223377602,-0.9915622498159377,0.6266779786417251,0.49976701800244083,1.419135498271462,-1.85458158669332,-0.7133237852099805,-0.7133237852096455,-0.3228387596050744
-0.5386744384546581,-0.9887841007877861,0.6342539769132681,0.4965973216239936,1.4084156428434,-1.854031244646363,-0.7534128983816094,-0.7534128983812731,-0.3228387596050744
-0.5321962785457812,-0.9860077879453771,0.6417072812440769,0.4934579985349056,1.395534048613547,-1.8534787858992257,-0.7925415154455943,-0.792541515445257,-0.3228387596050744
-0.5257255426111295,-0.9832333112887104,0.6490153272312578,0.4903486502880909,1.3805351348723502,-1.8529242104519075,-0.8306450104320262,-0.8306450104316883,-0.3228387596050744
-0.5192607458558579,-0.9804606708177859,0.65615978129746,0.48726878712567173,1.3634633209102576,-1.8523682238711359,-0.8676635572520299,-0.8676635572516921,-0.3228387596050744
-0.5128018882799665,-0.9776898665326038,0.6631208995901511,0.48421791098879086,1.3443926388780154,-1.8518094150234568,-0.9035419407825863,-0.9035419407822481,-0.3228387596050744
-0.5063504546783003,-0.9749199803402929,0.6698789382567991,0.48119544910976086,1.3233675080660712,-1.8512484894755967,-0.9382293551596694,-0.9382293551593315,-0.3228387596050744
-0.4999064450508592,-0.9721519303337242,0.6764141534448727,0.4782007872159907,1.3004471541950222,-1.8506854472275567,-0.9716791924738055,-0.9716791924734673,-0.3228387596050744
-0.49346837460279824,-0.969385716512898,0.6827124424025629,0.47523329443292645,1.2756908029854654,-1.8501195827126087,-1.003848824811308,-1.0038488248109698,-0.3228387596050744
-0.4870362433341175,-0.9666213388778141,0.6887526510021572,0.47229227347816677,1.249172486588147,-1.849552307064207,-1.0346993823566908,-1.0346993823563528,-0.3228387596050744
-0.48061153603966184,-0.9638578793356013,0.694522086767027,0.4693770104673488,1.2209514307236644,-1.848982914715625,-1.0641955299922763,-1.0641955299919368,-0.3228387596050744
-0.47419276792458614,-0.9610962559791308,0.700001005844642,0.4664867334092424,1.1910868611126142,-1.848410700100135,-1.0923052446127937,-1.0923052446124555,-0.3228387596050744
-0.46777993898889086,-0.9583355507155316,0.7051781260335538,0.4636206703126179,1.159667616335892,-1.8478363687844646,-1.1189995951306921,-1.118999595130353,-0.3228387596050744
-0.46137304923257544,-0.9555775997305459,0.7100379343067732,0.4607779910793784,1.126752922114095,-1.8472599207686136,-1.1442525269189516,-1.144252526918612,-0.3228387596050744
-0.4549735834504855,-0.9528196487455601,0.7145649176373118,0.45795785731044575,1.0924168105979692,-1.8466806504858553,-1.1680406522279358,-1.1680406522275966,-0.3228387596050744
-0.4485800568477754,-0.9500635339463167,0.7187492040989035,0.4551593891018379,1.0567333139382613,-1.8460999690696434,-1.1903430479127919,-1.1903430479124524,-0.3228387596050744
-0.4421924694244455,-0.9473092553328156,0.7225766909397393,0.4523816982485915,1.0197764642857172,-1.8455164653865237,-1.2111410616301377,-1.2111410616297988,-0.3228387596050744
-0.4358108211804958,-0.9445558948121856,0.7260360959583719,0.4496238550408378,0.9816351002212326,-1.8449308450032236,-1.2304181274853467,-1.2304181274850068,-0.3228387596050744
-0.4294351121159262,-0.941804370477298,0.7291175472285362,0.44688492146772785,0.9423684474654045,-1.8443424023530162,-1.248159591966761,-1.248159591966421,-0.3228387596050744
-0.42306534223073683,-0.9390537642352815,0.7318125830991462,0.4441639346154689,0.9020653445991285,-1.8437518430026278,-1.2643525508647564,-1.2643525508644173,-0.3228387596050744
-0.41670151152492735,-0.9363040760861364,0.7341085110935753,0.4414598983663454,0.8608146302033001,-1.843159166952059,-1.2789856977507978,-1.2789856977504572,-0.3228387596050744
-0.4103451047933433,-0.9335562241227334,0.7360011003862797,0.438771824903622,0.8186755299985161,-1.8425636686345825,-1.2920491844930868,-1.2920491844927469,-0.3228387596050744
-0.40399315244629413,-0.9308102083450729,0.7374804790509953,0.4360986766046779,0.7757220761355232,-1.8419667591836526,-1.3035344941729707,-1.3035344941726308,-0.3228387596050744
-0.39764713927862516,-0.9280641925674122,0.7385410059869968,0.43343943244885424,0.732057913625366,-1.841366321899088,-1.3134343267147714,-1.3134343267144313,-0.3228387596050744
-0.3913085500851816,-0.9253200129754939,0.7391756298183808,0.4307930299105869,0.6877570746187908,-1.84076447348107,-1.3217424974515433,-1.3217424974512015,-0.3228387596050744
-0.3849744152762727,-0.9225776695693182,0.7393815299947846,0.4281583981633309,0.642908397696693,-1.8401598027961443,-1.3284538487988091,-1.3284538487984694,-0.3228387596050744
-0.3786462196467442,-0.9198362442560133,0.739153065415487,0.4255344497785803,0.5975711085796698,-1.8395530154110382,-1.3335641751632406,-1.3335641751628995,-0.3228387596050744
-0.37232396319659594,-0.9170957370355797,0.7384860052549431,0.4229200890268467,0.5518488522787659,-1.8389434057590244,-1.3370701611733242,-1.337070161172984,-0.3228387596050744
-0.3660076459258275,-0.9143561479080173,0.7373789392379737,0.42031419527569985,0.5058156609447276,-1.83833167940683,-1.3389693332836254,-1.338969333283285,-0.3228387596050744
-0.3596972678344393,-0.9116183949661971,0.7358290468142162,0.41771565619369,0.4595603731584505,-1.8377178363544553,-1.339260024776229,-1.3392600247758892,-0.3228387596050744
-0.35339282892243123,-0.9088815601172483,0.7338349177084892,0.4151233179444628,0.41315702107068086,-1.8371011710351728,-1.3379413541644067,-1.3379413541640663,-0.3228387596050744
-0.34709284439495836,-0.9061456433611705,0.7313993724711563,0.4125360349926445,0.3666944432623141,-1.8364823890157098,-1.335013216981279,-1.3350132169809381,-0.3228387596050744
-0.3408002838417106,-0.903411562790835,0.728519590551854,0.4099526452009001,0.3202466718840967,-1.8358614902960664,-1.330476290922325,-1.3304762909219847,-0.3228387596050744
-0.33451217767299785,-0.9006784003133709,0.7251983925009448,0.40737197813091286,0.2739173519470733,-1.8352377693095152,-1.3243320542800918,-1.3243320542797512,-0.3228387596050744
-0.3282314954785105,-0.8979461559287778,0.7214371885936101,0.40479283844142394,0.2277805156019902,-1.8346119316227836,-1.3165828176051253,-1.3165828176047842,-0.3228387596050744
-0.32195526766855803,-0.8952148296370559,0.7172387993802093,0.40221403079117324,0.18189538856944454,-1.8339839772358715,-1.3072317685027077,-1.3072317685023669,-0.3228387596050744
-0.3156849790379857,-0.8924853395310762,0.7126088659614689,0.399634368139883,0.13639522872077944,-1.8333532005820516,-1.296283029443052,-1.296283029442712,-0.3228387596050744
-0.3094206295867936,-0.889756767517968,0.7075487986125679,0.3970526219423701,0.09130964891629363,-1.8327203072280513,-1.2837417284386312,-1.2837417284382913,-0.3228387596050744
-0.3031607345201364,-0.8870291135977305,0.7020670589845913,0.39446758025541306,0.046757100597180995,-1.8320845916071433,-1.2696140824119164,-1.2696140824115758,-0.3228387596050744
-0.29690826342770466,-0.8843023777703646,0.696167877903083,0.3918780145338291,0.002826422344337178,-1.831447464852782,-1.2539074930212901,-1.25390749302095,-0.3228387596050744
-0.2906617315146528,-0.8815774781287408,0.6898583067439463,0.3892826962324347,-0.040437966551790175,-1.8308075158315131,-1.2366306546775176,-1.2366306546771773,-0.3228387596050744
-0.2844196539861361,-0.8788534965799882,0.683145396883085,0.3866803802040847,-0.08291761465000688,-1.8301654501100637,-1.2177936744107163,-1.2177936744103772,-0.3228387596050744
-0.27818351563699956,-0.8761304331241069,0.6760390202467659,0.3840698213016339,-0.12455329622971605,-1.8295205621217066,-1.1974082031824695,-1.19740820318213,-0.3228387596050744
-0.2719548012620882,-0.8734092058539678,0.6685490487612543,0.3814497909798998,-0.16525617271002202,-1.8288742629998958,-1.1754875781631922,-1.175487578162853,-0.3228387596050744
-0.26573054127171203,-0.8706879785838286,0.6606825338024557,0.37881903579075576,-0.20493740551002917,-1.8282251416111774,-1.1520469753810931,-1.1520469753807545,-0.3228387596050744
-0.25951222046071576,-0.867969505592303,0.6524507575718163,0.37617631888803804,-0.24353776890914078,-1.8275739035222784,-1.1271035720690703,-1.127103572068731,-0.3228387596050744
-0.2532998388290997,-0.8652510326007774,0.6438678228211443,0.3735203785226389,-0.2809536178963118,-1.826919843166472,-1.100676717894856,-1.1006767178945165,-0.3228387596050744
-0.247093396376864,-0.8625343957949941,0.6349421912015244,0.37084999445035693,-0.317110920320796,-1.8262643716772118,-1.0727881141454931,-1.0727881141451558,-0.3228387596050744
-0.24089289310400824,-0.8598186770820822,0.625689375739947,0.3681639215240467,-0.35195045046199636,-1.8256060779210443,-1.043461999772044,-1.0434619997717058,-0.3228387596050744
-0.23469832901053264,-0.8571038764620412,0.6161220689130387,0.36546094780048705,-0.38538336973901743,-1.8249463730314233,-1.012725343061967,-1.0127253430616299,-0.3228387596050744
-0.22850970409643695,-0.8543909120277426,0.6062543734726095,0.3627398447344948,-0.4173504524312621,-1.8242838458748942,-0.9806080375245397,-0.980608037524202,-0.3228387596050744
-0.2223285031565667,-0.8516788656863153,0.5961018024456477,0.3599994086838296,-0.44774805352768565,-1.823619202018185,-0.9471431004001696,-0.9471431003998303,-0.3228387596050744
-0.21615175660123134,-0.8489677374377589,0.5856784585839624,0.3572384609091941,-0.47653175373784,-1.822953147028022,-0.912366872006609,-0.9123668720062712,-0.3228387596050744
-0.2099809492252764,-0.846258445374945,0.575001265189723,0.3544558226712911,-0.5036127144808301,-1.8222842697709514,-0.8763192139447146,-0.876319213944377,-0.3228387596050744
-0.20381756582354638,-0.8435500714050024,0.5640871455651004,0.3516503484347472,-0.5289317100360585,-1.8216132758137003,-0.8390437039863503,-0.8390437039860132,-0.3228387596050744
-0.1976601216011965,-0.8408435336208019,0.5529530230122649,0.3488209009651694,-0.5524443211130778,-1.8209401651562682,-0.8005878252504698,-0.8005878252501332,-0.3228387596050744
-0.19150861655822682,-0.8381379139294727,0.5416186413837478,0.3459663928340513,-0.5740469027008429,-1.8202656433653828,-0.7610031470906764,-0.7610031470903399,-0.3228387596050744
-0.1853630506946373,-0.8354341304238858,0.5300995137065395,0.3430857449138668,-0.5937098419390554,-1.8195882993075898,-0.7203454949054905,-0.7203454949051545,-0.3228387596050744
-0.17922342401042793,-0.83273126501117,0.5184167941083514,0.3401779278829768,-0.6113739131071185,-1.8189095441163432,-0.6786751059102463,-0.6786751059099102,-0.3228387596050744
-0.17309122130044372,-0.8300302357841965,0.5065902264417177,0.3372419373226834,-0.6269650840542854,-1.818228672224916,-0.636056767735553,-0.6360567677352179,-0.3228387596050744
-0.16696644256468463,-0.8273292065572232,0.4946099387803703,0.3342772087662813,-0.6463467011196622,-1.815078316789452,-0.5924389102375727,-0.5924389102372382,0.3956942024299961
-0.16085057259799568,-0.8246263411445075,0.482470290023586,0.33128309473725476,-0.6636109986736952,-1.8118976219847325,-0.5477697572644912,-0.5477697572641563,0.3956942024299961
-0.15474509619522184,-0.8219234757317917,0.47019243429907837,0.328258565913964,-0.6787135574259368,-1.8086872933774842,-0.5021199285003884,-0.5021199285000537,0.3956942024299961
-0.1486470437666734,-0.8192196922262048,0.4577947051841982,0.3252026178777119,-0.6915951516557898,-1.8054452142675272,-0.45556540869975964,-0.4555654086994257,0.3956942024299961
-0.14255938490204006,-0.8165149906277468,0.4452996670818394,0.32211431261764933,-0.7021965556426575,-1.8021713846548615,-0.4081874231559799,-0.40818742315564643,0.3956942024299961
-0.13648211960132206,-0.8138093709364176,0.4327298843948956,0.3189927536278314,-0.7105029629563904,-1.7988658045394859,-0.36007250489185244,-0.3600725048915188,0.3956942024299961
-0.1304137630696742,-0.811102833152217,0.4201065112510785,0.3158371191111428,-0.7164403414462421,-1.795527062787948,-0.3113125262114978,-0.31131252621116495,0.3956942024299961
-0.12435431530709648,-0.8083944591822744,0.40745211205328374,0.3126466287753723,-0.7200086911122129,-1.7921558649669744,-0.26200469068019366,-0.26200469067986165,0.3956942024299961
-0.11830526110843409,-0.8056860852123315,0.3947878409292219,0.3094205853381189,-0.721163592663855,-1.7887515055098377,-0.21225148169611432,-0.21225148169578203,0.3956942024299961
-0.11226511567884184,-0.8029767931495176,0.38213908283215037,0.3061583662258102,-0.7198754332408696,-1.785312573283085,-0.1621605640035788,-0.16216056400324708,0.3956942024299961
-0.10623684860800993,-0.8002665829938326,0.36952558161459936,0.30285940697173974,-0.7161294064131078,-1.781840479420169,-0.11184463475762654,-0.11184463475729566,0.3956942024299961
-0.10021749030624813,-0.7975554547452764,0.35697272222982623,0.2995232510219548,-0.7099255121805693,-1.7783338127876365,-0.061421221081973995,-0.06142122108164359,0.3956942024299961
