mse,average
0.218969,0.800005
0.219438,
0.219976,
0.220638,
0.221313,
0.221963,
0.222617,
0.223182,
0.223727,
0.224260,
0.224782,
0.225217,
0.225683,
0.226161,
0.226638,
0.227122,
0.227670,
0.228220,
0.228743,
0.229200,
0.229615,
0.229982,
0.230257,
0.230403,
0.230437,
0.230319,
0.230146,
0.229962,
0.229684,
0.229361,
0.228962,
0.228550,
0.228134,
0.227710,
0.227286,
0.226885,
0.226471,
0.226004,
0.225507,
0.225095,
0.224713,
0.224276,
0.223821,
0.223417,
0.223163,
0.222958,
0.222863,
0.222890,
0.223003,
0.223225,
0.223590,
0.224103,
0.224790,
0.225680,
0.226763,
0.227926,
0.229202,
0.230645,
0.232260,
0.234019,
0.235958,
0.238067,
0.240390,
0.242851,
0.245481,
0.248335,
0.251412,
0.254720,
0.258251,
0.261988,
0.265836,
0.269850,
0.273941,
0.278123,
0.282399,
0.286749,
0.291247,
0.295793,
0.300354,
0.304931,
0.309452,
0.313881,
0.318327,
0.322792,
0.327246,
0.331687,
0.336185,
0.340679,
0.345135,
0.349569,
0.353910,
0.358123,
0.362273,
0.366341,
0.370310,
0.374103,
0.377850,
0.381502,
0.385077,
0.388538,
0.391853,
0.394827,
0.397683,
0.400459,
0.403202,
0.405917,
0.408523,
0.411026,
0.413318,
0.415446,
0.417496,
0.419491,
0.421454,
0.423401,
0.425438,
0.427469,
0.429468,
0.431416,
0.433309,
0.435163,
0.436881,
0.438557,
0.440189,
0.441748,
0.443271,
0.444683,
0.446021,
0.447339,
0.448576,
0.449776,
0.450956,
0.452065,
0.453066,
0.453995,
0.454843,
0.455571,
0.456265,
0.456891,
0.457452,
0.457934,
0.458318,
0.458635,
0.458909,
0.459127,
0.459292,
0.459413,
0.459454,
0.459461,
0.459428,
0.459340,
0.459223,
0.459061,
0.458853,
0.458645,
0.458397,
0.458175,
0.457971,
0.457777,
0.457623,
0.457490,
0.457396,
0.457336,
0.457331,
0.457472,
0.457672,
0.457959,
0.458364,
0.458858,
0.459472,
0.460201,
0.461101,
0.462157,
0.463393,
0.464771,
0.466259,
0.467910,
0.469701,
0.471680,
0.473802,
0.476048,
0.478468,
0.481052,
0.483763,
0.486616,
0.489612,
0.492795,
0.496045,
0.499356,
0.502782,
0.506360,
0.510044,
0.513740,
0.517382,
0.521122,
0.524913,
0.528876,
0.532983,
0.537178,
0.541436,
0.545804,
0.550249,
0.554699,
0.559081,
0.563403,
0.567741,
0.572060,
0.576348,
0.580587,
0.584803,
0.588989,
0.593132,
0.597216,
0.601250,
0.605227,
0.609142,
0.612979,
0.616716,
0.620344,
0.623863,
0.627281,
0.630575,
0.633844,
0.637028,
0.640114,
0.643099,
0.645971,
0.648726,
0.651351,
0.653868,
0.656269,
0.658562,
0.660769,
0.662860,
0.664845,
0.666719,
0.668545,
0.670294,
0.671918,
0.673389,
0.674732,
0.675922,
0.676978,
0.677941,
0.678806,
0.679579,
0.680275,
0.680901,
0.681438,
0.681892,
0.682288,
0.682630,
0.682891,
0.683056,
0.683145,
0.683162,
0.683128,
0.683025,
0.682864,
0.682642,
0.682311,
0.681918,
0.681491,
0.681039,
0.680573,
0.680095,
0.679547,
0.678997,
0.678443,
0.677882,
0.677329,
0.676792,
0.676261,
0.675758,
0.675286,
0.674856,
0.674441,
0.674079,
0.673778,
0.673604,
0.673509,
0.673495,
0.673549,
0.673642,
0.713831,
0.753236,
0.792099,
0.823212,
0.868415,
0.916745,
0.948867,
0.994260,
1.020236,
1.049408,
1.109941,
1.154490,
1.172846,
1.216141,
1.256848,
1.275447,
1.278649,
1.305565,
1.346069,
1.349887,
1.377481,
1.422404,
1.456742,
1.497154,
1.518651,
1.528760,
1.557945,
1.584349,
1.603883,
1.614872,
1.621115,
1.636515,
1.655676,
1.659999,
1.676900,
1.709211,
1.714999,
1.713572,
1.716590,
1.713176,
1.725199,
1.704106,
1.721578,
1.705873,
1.695863,
1.662090,
1.669070,
1.669906,
1.673394,
1.678509,
1.672379,
1.694512,
1.681649,
1.654550,
1.644533,
1.646410,
1.633058,
1.627915,
1.637416,
1.628377,
1.614504,
1.620657,
1.625142,
1.620206,
1.615112,
1.621053,
1.619328,
1.615689,
1.613579,
1.622417,
1.640642,
1.628846,
1.612821,
1.629270,
1.625936,
1.598918,
1.606672,
1.589253,
1.562445,
1.554524,
1.546968,
1.537840,
1.525145,
1.516201,
1.517772,
1.486037,
1.492804,
1.485531,
1.457849,
1.447216,
1.419611,
1.415855,
1.439968,
1.431846,
1.419126,
1.409337,
1.421316,
1.441565,
1.452804,
1.463709,
1.414449,
1.435744,
1.524546,
1.542829,
1.273633,
1.416301,
1.182346,
1.122340,
1.136843,
1.094141,
1.208386,
1.013304,
0.978000,
1.085525,
0.914945,
0.924870,
0.936924,
0.930257,
0.916699,
0.872709,
0.908110,
0.929520,
0.925429,
0.975623,
0.995851,
1.036197,
1.272750,
1.097346,
1.151798,
1.190015,
1.263147,
1.262014,
1.281459,
1.319920,
1.258620,
1.225102,
1.256069,
1.332155,
1.378504,
1.555637,
1.466012,
1.522190,
1.513496,
1.488665,
1.561564,
1.589972,
1.643194,
1.742341,
1.729539,
1.828429,
1.882867,
1.924042,
1.979808,
2.006626,
2.099415,
2.187487,
2.249712,
2.399920,
2.455745,
2.675999,
2.416448,
2.501247,
2.365997,
2.564526,
2.397342,
2.504680,
2.537712,
2.431063,
2.651411,
2.772802,
2.769096,
2.915959,
2.637580,
2.577628,
2.623683,
2.737536,
2.637366,
2.587676,
2.584363,
2.575189,
2.590022,
2.522678,
2.699078,
2.765397,
2.565665,
2.649146,
2.676205,
2.718146,
2.672028,
2.536381,
2.477353,
2.414909,
2.454143,
2.375672,
2.396021,
2.469399,
2.471884,
2.425375,
2.342807,
2.306031,
2.288394,
2.265393,
2.243125,
2.232158,
2.208531,
2.186409,
2.163299,
2.141798,
2.118468,
2.096264,
2.068380,
2.042277,
2.013018,
1.987264,
1.960872,
1.932029,
1.903808,
1.882422,
1.854585,
1.827558,
1.803390,
1.775695,
1.751297,
1.723030,
1.691774,
1.662921,
1.633314,
1.604410,
1.577119,
1.549018,
1.519496,
1.490533,
1.462986,
1.436494,
1.409863,
1.382952,
1.353773,
1.328054,
1.300478,
1.273359,
1.246040,
1.221892,
1.194559,
1.168584,
1.143916,
1.118615,
1.092444,
1.071409,
1.045515,
1.022875,
1.000028,
0.979366,
0.957548,
0.936254,
0.917246,
0.900777,
0.881259,
0.865951,
0.852941,
0.835766,
0.822961,
0.810531,
0.800813,
0.795284,
0.789957,
0.783177,
0.777218,
0.774699,
0.774325,
0.774084,
0.772380,
0.776074,
0.780424,
0.785768,
0.792638,
0.798634,
0.807179,
0.815932,
0.824653,
0.834966,
0.847222,
0.858975,
0.870896,
0.882940,
0.901354,
0.911891,
0.923645,
0.940119,
0.954519,
0.973401,
0.993700,
1.013663,
1.032475,
1.053746,
1.075100,
1.095271,
1.118022,
1.135744,
1.147438,
1.165856,
1.182712,
1.200472,
1.217186,
1.230882,
1.243476,
1.252452,
1.264789,
1.279444,
1.287143,
1.301575,
1.316505,
1.324651,
1.335144,
1.341258,
1.346581,
1.352254,
1.359615,
1.365829,
1.369542,
1.373707,
1.375249,
1.381417,
1.382251,
1.379559,
1.378145,
1.375211,
1.370486,
1.366594,
1.363028,
1.362014,
1.359155,
1.352060,
1.349038,
1.333434,
1.329014,
1.317281,
1.305806,
1.294181,
1.284548,
1.282490,
1.280077,
1.271640,
1.265949,
1.251490,
1.249090,
1.242778,
1.242654,
1.237840,
1.229335,
1.220649,
1.216927,
1.210821,
1.202337,
1.200696,
1.198154,
1.191793,
1.189304,
1.186711,
1.177286,
1.169758,
1.161646,
1.153807,
1.145695,
1.134480,
1.125546,
1.115393,
1.106965,
1.092612,
1.082570,
1.067287,
1.060834,
1.045293,
1.031305,
1.017293,
1.003963,
0.988776,
0.972157,
0.955876,
0.938019,
0.920483,
0.905971,
0.890853,
0.875341,
0.860599,
0.842912,
0.828256,
0.811125,
0.795137,
0.781769,
0.760133,
0.746691,
0.726283,
0.715086,
0.688029,
0.681073,
0.653960,
0.640167,
0.635391,
0.613844,
0.600722,
0.582270,
0.568159,
0.566071,
0.553139,
0.534676,
0.533280,
0.523183,
0.525760,
0.527007,
0.521733,
0.515987,
0.526726,
0.517877,
0.526812,
0.535627,
0.548238,
0.543269,
0.548466,
0.549909,
0.551789,
0.564993,
0.567461,
0.586508,
0.599581,
0.605042,
0.617523,
0.622407,
0.633250,
0.642514,
0.652969,
0.661111,
0.671211,
0.673017,
0.675432,
0.687737,
0.696192,
0.710233,
0.713763,
0.721490,
0.722843,
0.723707,
0.734549,
0.740305,
0.754813,
0.754482,
0.753176,
0.752084,
0.744932,
0.739915,
0.748962,
0.752142,
0.747772,
0.741391,
0.741618,
0.742132,
0.739811,
0.733746,
0.730997,
0.724949,
0.722093,
0.717747,
0.709292,
0.704826,
0.700601,
0.696988,
0.686877,
0.681059,
0.669979,
0.661511,
0.656038,
0.648319,
0.653150,
0.643298,
0.618768,
0.616506,
0.613301,
0.609189,
0.597341,
0.580018,
0.569297,
0.558902,
0.549915,
0.538915,
0.530859,
0.521584,
0.519653,
0.521459,
0.516761,
0.519735,
0.515812,
0.511191,
0.505281,
0.499050,
0.493687,
0.487845,
0.481153,
0.474637,
0.469937,
0.465555,
0.457354,
0.448537,
0.443703,
0.436062,
0.424832,
0.418420,
0.407877,
0.395942,
0.386608,
0.376848,
0.366257,
0.355230,
0.344576,
0.335076,
0.320846,
0.311635,
0.300666,
0.286463,
0.274474,
0.259785,
0.248116,
0.240120,
0.227468,
0.213895,
0.201060,
0.191515,
0.183178,
0.172940,
0.163319,
0.158613,
0.152701,
0.148207,
0.142374,
0.137147,
0.133143,
0.128654,
0.124413,
0.118446,
0.116358,
0.112953,
0.110774,
0.108550,
0.106050,
0.107987,
0.107606,
0.106499,
0.109389,
0.110879,
0.114438,
0.116299,
0.122628,
0.120181,
0.126536,
0.126042,
0.127526,
0.125543,
0.133498,
0.136537,
0.138855,
0.142658,
0.152075,
0.148951,
0.149118,
0.157473,
0.163103,
0.169268,
0.174228,
0.188121,
0.185606,
0.192136,
0.188677,
0.193042,
0.192459,
0.202298,
0.205745,
0.214383,
0.204427,
0.205984,
0.212860,
0.215248,
0.210259,
0.209571,
0.194523,
0.190978,
0.192009,
0.189460,
0.190542,
0.191893,
0.180021,
0.169940,
0.170316,
0.167580,
0.165310,
0.161490,
0.151384,
0.147827,
0.148153,
0.150743,
0.149706,
0.141556,
0.138430,
0.132462,
0.131954,
0.129040,
0.125846,
0.131094,
0.129870,
0.129839,
0.130133,
0.125619,
0.123585,
0.121764,
0.119541,
0.120230,
0.119865,
0.120035,
0.121936,
0.124968,
0.129850,
0.131749,
0.133149,
0.136348,
0.133965,
0.134419,
0.137506,
0.136372,
0.135153,
0.137195,
0.135723,
0.136401,
0.137100,
0.137686,
0.138141,
0.138399,
0.138406,
0.138250,
0.137952,
0.137443,
0.136704,
0.135711,
0.134526,
0.133103,
0.131535,
0.129822,
0.127996,
0.126125,
0.124133,
0.121854,
0.119385,
0.116775,
0.114089,
0.111345,
0.108476,
0.105637,
0.102883,
0.100162,
0.097461,
0.094820,
0.092201,
0.089700,
0.087376,
0.085237,
0.083193,
0.081316,
0.079554,
0.077917,
0.076520,
0.075371,
0.074399,
0.073615,
0.073047,
0.072620,
0.072311,
0.072162,
0.072164,
0.072344,
0.072742,
0.073295,
0.073965,
0.074717,
0.075496,
0.076391,
0.077427,
0.078559,
0.079668,
0.080755,
0.081905,
0.082975,
0.083960,
0.084892,
0.085757,
0.086450,
0.087008,
0.087458,
0.087672,
0.087744,
0.087677,
0.087504,
0.087140,
0.086530,
0.085810,
0.084998,
0.084057,
0.083028,
0.081810,
0.080504,
0.079142,
0.077722,
0.076274,
0.074768,
0.073234,
0.071694,
0.070205,
0.068873,
0.067629,
0.066558,
0.065656,
0.065018,
0.064560,
0.064230,
0.064066,
0.064011,
0.064131,
0.064477,
0.065109,
0.065937,
0.066806,
0.067777,
0.069017,
0.070497,
0.072166,
0.073889,
0.075888,
0.078098,
0.080287,
0.082646,
0.085166,
0.087891,
0.090786,
0.093864,
0.097097,
0.100448,
0.103938,
0.107543,
0.111143,
0.114724,
0.118447,
0.122278,
0.126025,
0.129731,
0.133357,
0.136932,
0.140456,
0.143927,
0.147426,
0.150934,
0.154446,
0.157949,
0.161418,
0.164714,
0.167993,
0.171156,
0.174206,
0.177012,
0.179585,
0.181910,
0.183974,
0.185867,
0.187470,
0.188745,
0.189849,
0.190823,
0.191741,
0.192526,
0.193226,
0.193775,
0.194166,
0.194365,
0.194431,
0.194326,
0.194201,
0.194165,
0.194131,
0.194128,
0.194143,
0.194191,
0.194298,
0.194416,
0.194594,
0.194780,
0.195017,
0.195339,
0.195755,
0.196255,
0.196756,
0.197244,
0.197694,
0.198202,
0.198748,
0.199380,
0.199931,
0.200458,
0.201010,
0.201537,
0.202089,
0.202604,
0.203053,
0.203478,
0.203840,
0.204158,
0.204443,
0.204676,
0.204853,
0.204938,
0.204950,
0.204939,
0.204869,
0.204724,
0.204478,
0.204094,
0.203609,
0.203114,
0.202509,
0.201823,
0.201192,
0.200492,
0.199804,
0.199129,
0.198451,
0.197803,
0.197157,
0.196473,
0.195942,
0.195510,
0.195183,
0.194928,
0.194741,
0.194702,
0.194780,
0.194901,
0.195164,
0.195581,
0.196130,
0.196867,
0.197815,
0.198964,
0.200272,
0.201675,
0.203193,
0.204933,
0.206897,
0.209085,
0.211472,
0.214021,
0.216742,
0.219671,
0.222816,
0.226124,
0.229685,
0.233448,
0.237322,
0.241322,
0.245489,
0.249750,
0.254134,
0.258634,
0.263214,
0.267818,
0.272519,
0.277064,
0.281644,
0.286222,
0.290725,
0.295219,
0.299727,
0.304195,
0.308622,
0.313015,
0.317404,
0.321741,
0.326062,
0.330325,
0.334501,
0.338560,
0.342531,
0.346335,
0.350028,
0.353562,
0.357003,
0.360348,
0.363411,
0.366294,
0.369002,
0.371621,
0.374185,
0.376543,
0.378740,
0.380846,
0.382864,
0.384838,
0.386759,
0.388579,
0.390350,
0.392214,
0.394066,
0.395831,
0.397557,
0.399243,
0.400838,
0.402407,
0.403919,
0.405357,
0.406768,
0.408179,
0.409587,
0.410915,
0.412188,
0.413482,
0.414715,
0.415872,
0.416968,
0.417988,
0.418945,
0.419805,
0.420601,
0.421347,
0.422028,
0.422604,
0.423097,
0.423484,
0.423804,
0.424048,
0.424226,
0.424365,
0.424457,
0.424484,
0.424475,
0.424422,
0.424290,
0.424146,
0.423972,
0.423771,
0.423524,
0.423252,
0.422996,
0.422695,
0.422362,
0.422035,
0.421738,
0.421521,
0.421435,
0.421420,
0.421442,
0.421486,
0.421579,
0.421769,
0.422106,
0.422585,
0.423171,
0.423872,
0.424688,
0.425615,
0.426695,
0.427947,
0.429347,
0.430904,
0.432663,
0.434613,
0.436691,
0.438989,
0.441431,
0.444003,
0.446820,
0.449834,
0.452964,
0.456235,
0.459659,
0.463228,
0.466883,
0.470609,
0.474358,
0.478221,
0.482200,
0.486270,
0.490443,
0.494615,
0.498817,
0.503071,
0.507372,
0.511581,
0.515936,
0.520378,
0.524889,
0.529432,
0.533959,
0.538523,
0.543005,
0.547406,
0.551753,
0.556052,
0.560301,
0.564518,
0.568669,
0.572743,
0.576756,
0.580691,
0.584533,
0.588216,
0.591797,
0.595275,
0.598648,
0.601919,
0.605080,
0.608122,
0.611052,
0.613877,
0.616599,
0.619254,
0.621840,
0.624329,
0.626713,
0.628953,
0.631040,
0.633042,
0.634993,
0.636914,
0.638732,
0.640436,
0.642020,
0.643519,
0.644906,
0.646123,
0.647212,
0.648149,
0.648997,
0.649777,
0.650504,
0.651149,
0.651706,
0.652165,
0.652567,
0.652860,
0.653058,
0.653185,
0.653252,
0.653221,
0.653139,
0.653013,
0.652822,
0.652570,
0.652282,
0.651938,
0.651553,
0.651130,
0.650697,
0.650228,
0.649746,
0.649194,
0.648628,
0.648062,
0.647504,
0.646968,
0.646452,
0.645968,
0.645519,
0.645149,
0.644835,
0.644552,
0.644303,
0.644158,
0.644110,
0.644156,
0.644299,
0.644481,
0.644731,
0.645084,
0.645526,
0.646086,
0.646770,
0.645403,
0.643369,
0.641240,
0.635508,
0.637042,
0.640262,
0.635582,
0.637871,
0.631182,
0.626581,
0.637733,
0.641635,
0.632924,
0.636731,
0.640314,
0.633158,
0.619182,
0.617568,
0.624088,
0.612559,
0.613779,
0.628684,
0.638769,
0.651974,
0.655709,
0.655169,
0.666690,
0.676545,
0.681708,
0.684951,
0.688405,
0.694574,
0.706382,
0.710739,
0.720904,
0.741247,
0.750052,
0.755731,
0.764312,
0.770690,
0.787322,
0.784951,
0.804326,
0.806745,
0.814674,
0.812114,
0.830235,
0.847059,
0.866159,
0.884793,
0.898136,
0.927646,
0.940963,
0.945734,
0.960983,
0.982964,
0.997822,
1.016792,
1.045633,
1.063249,
1.081828,
1.108806,
1.137177,
1.159700,
1.183397,
1.215155,
1.240134,
1.266234,
1.292871,
1.323821,
1.361854,
1.384636,
1.405060,
1.442385,
1.471166,
1.488187,
1.521073,
1.542096,
1.558478,
1.584506,
1.611942,
1.640374,
1.665700,
1.691614,
1.723879,
1.739365,
1.772396,
1.799133,
1.814244,
1.837824,
1.851499,
1.877362,
1.916421,
1.940137,
1.961367,
1.982751,
2.012656,
2.046792,
2.077396,
2.104467,
2.139085,
2.175665,
2.212320,
2.263368,
2.253790,
2.325755,
2.300468,
2.320061,
2.364432,
2.359605,
2.411467,
2.400884,
2.414774,
2.482682,
2.499815,
2.469697,
2.507832,
2.480056,
2.483230,
2.519586,
2.523465,
2.499442,
2.557780,
2.556202,
2.617636,
2.692597,
2.827430,
2.754408,
2.871599,
2.893470,
2.934703,
3.012013,
2.913604,
2.911924,
2.973019,
2.851098,
2.826432,
2.732267,
3.018589,
3.151281,
3.068983,
3.115454,
3.032688,
2.749033,
2.622033,
2.743263,
2.726782,
2.621125,
2.844988,
3.042275,
2.976347,
2.857496,
2.660784,
2.607799,
2.591407,
2.553160,
2.549054,
2.596814,
2.744502,
2.916950,
2.627525,
2.662377,
2.592849,
2.675739,
2.454376,
2.442223,
2.397345,
2.321526,
2.376694,
2.374592,
2.343241,
2.374876,
2.242911,
2.207237,
2.184546,
2.191291,
2.142858,
2.107257,
2.085715,
2.035784,
2.015506,
1.960378,
1.989018,
1.975798,
1.889648,
1.859694,
1.851490,
1.848525,
1.776865,
1.714711,
1.638247,
1.576104,
1.575923,
1.514706,
1.494147,
1.507149,
1.502817,
1.463628,
1.395089,
1.400995,
1.373403,
1.345679,
1.313160,
1.304700,
1.277664,
1.252820,
1.230221,
1.212697,
1.198930,
1.179734,
1.157815,
1.138849,
1.119637,
1.112200,
1.092659,
1.080658,
1.075549,
1.071200,
1.054556,
1.041443,
1.040785,
1.037880,
1.042566,
1.041917,
1.037532,
1.040319,
1.044127,
1.049475,
1.059037,
1.069156,
1.076195,
1.088773,
1.102859,
1.116346,
1.132402,
1.149242,
1.162374,
1.181429,
1.196882,
1.211642,
1.226390,
1.245597,
1.259754,
1.276922,
1.296959,
1.314787,
1.329854,
1.351299,
1.363816,
1.379811,
1.396829,
1.413997,
1.429610,
1.443367,
1.461280,
1.479960,
1.489227,
1.503086,
1.518995,
1.527595,
1.539014,
1.547035,
1.557116,
1.572125,
1.583399,
1.588477,
1.594382,
1.601341,
1.610993,
1.619666,
1.620737,
1.629376,
1.633415,
1.638614,
1.641365,
1.636416,
1.638938,
1.634960,
1.628188,
1.621298,
1.614983,
1.607568,
1.597451,
1.586495,
1.580580,
1.570777,
1.553125,
1.541522,
1.529124,
1.521037,
1.515579,
1.511139,
1.505701,
1.497210,
1.490713,
1.485154,
1.482788,
1.468675,
1.464716,
1.453310,
1.443222,
1.434530,
1.431163,
1.420359,
1.415637,
1.414089,
1.398627,
1.391408,
1.388036,
1.373725,
1.356555,
1.339126,
1.323749,
1.310090,
1.290570,
1.273150,
1.254149,
1.237518,
1.222257,
1.206324,
1.197179,
1.177791,
1.159098,
1.140374,
1.122071,
1.102208,
1.082302,
1.060777,
1.039937,
1.019140,
0.998719,
0.976217,
0.956462,
0.933230,
0.911456,
0.888552,
0.863905,
0.841345,
0.821657,
0.800967,
0.781261,
0.762648,
0.746024,
0.726861,
0.706239,
0.688933,
0.670017,
0.651335,
0.636787,
0.621872,
0.603847,
0.589947,
0.576040,
0.563240,
0.549258,
0.536861,
0.521926,
0.510267,
0.501949,
0.491786,
0.482526,
0.474900,
0.470122,
0.467189,
0.465025,
0.462567,
0.462307,
0.465103,
0.463275,
0.468220,
0.467762,
0.473125,
0.477920,
0.483074,
0.488279,
0.495217,
0.503572,
0.512036,
0.521954,
0.531907,
0.540175,
0.549325,
0.559007,
0.568353,
0.579984,
0.589822,
0.601672,
0.613536,
0.624106,
0.635422,
0.643106,
0.650555,
0.659092,
0.666627,
0.678020,
0.684743,
0.693072,
0.703811,
0.708203,
0.715833,
0.721698,
0.727805,
0.734860,
0.741976,
0.743580,
0.750722,
0.753301,
0.755715,
0.756566,
0.756072,
0.756372,
0.759868,
0.758645,
0.761905,
0.763330,
0.765301,
0.760577,
0.760147,
0.756763,
0.755100,
0.755977,
0.745512,
0.742749,
0.741465,
0.730028,
0.725293,
0.720901,
0.718730,
0.713587,
0.710930,
0.705549,
0.704217,
0.694778,
0.695683,
0.692712,
0.694242,
0.685570,
0.679979,
0.684942,
0.678988,
0.673969,
0.675067,
0.662900,
0.661492,
0.655663,
0.654203,
0.652687,
0.645466,
0.637049,
0.635412,
0.633233,
0.627132,
0.618897,
0.613383,
0.600822,
0.591121,
0.585265,
0.584032,
0.575255,
0.566531,
0.560119,
0.550090,
0.543394,
0.534652,
0.527595,
0.518497,
0.509851,
0.499038,
0.489108,
0.476238,
0.464249,
0.455481,
0.438298,
0.421026,
0.407226,
0.393232,
0.380579,
0.366417,
0.351902,
0.339194,
0.324661,
0.310303,
0.298876,
0.284241,
0.274443,
0.267458,
0.257688,
0.248789,
0.238766,
0.231293,
0.225616,
0.219498,
0.213358,
0.206114,
0.201583,
0.196516,
0.192541,
0.189294,
0.188369,
0.185668,
0.184270,
0.183950,
0.183504,
0.182547,
0.185434,
0.184455,
0.185758,
0.186883,
0.190102,
0.191806,
0.194125,
0.197467,
0.202053,
0.204393,
0.209005,
0.214015,
0.214829,
0.217761,
0.220073,
0.223858,
0.229319,
0.234189,
0.237014,
0.238908,
0.242859,
0.246843,
0.249885,
0.250780,
0.253674,
0.257733,
0.260535,
0.263831,
0.264916,
0.266614,
0.266870,
0.266431,
0.266483,
0.267134,
0.267311,
0.265096,
0.262806,
0.265371,
0.259870,
0.254792,
0.253099,
0.249196,
0.246097,
0.243198,
0.240547,
0.235777,
0.232706,
0.229661,
0.227477,
0.226544,
0.225089,
0.219243,
0.217189,
0.214592,
0.213118,
0.210541,
0.208237,
0.207623,
0.204984,
0.201508,
0.200788,
0.199892,
0.199518,
0.200236,
0.196980,
0.197658,
0.196945,
0.194911,
0.194186,
0.194506,
0.195137,
0.195986,
0.196944,
0.199696,
0.201253,
0.201825,
0.201134,
0.202250,
0.201418,
0.200841,
0.201272,
0.202341,
0.203443,
0.205397,
0.205451,
0.207192,
0.203681,
0.203533,
0.201119,
0.198276,
0.194627,
0.192378,
0.190943,
0.188936,
0.184941,
0.182066,
0.176150,
0.172752,
0.168003,
0.164436,
0.159339,
0.154567,
0.149152,
0.143293,
0.138372,
0.132466,
0.127593,
0.123180,
0.118311,
0.113129,
0.109748,
0.104655,
0.099260,
0.095725,
0.091595,
0.088965,
0.085790,
0.083677,
0.081313,
0.080687,
0.078274,
0.077187,
0.075939,
0.076253,
0.075981,
0.076051,
0.076386,
0.077038,
0.077977,
0.079093,
0.080409,
0.081810,
0.083434,
0.085269,
0.087311,
0.089644,
0.091971,
0.094293,
0.096659,
0.099032,
0.101350,
0.103575,
0.105653,
0.107489,
0.109101,
0.110514,
0.111629,
0.112551,
0.113223,
0.113652,
0.113803,
0.113703,
0.113402,
0.112882,
0.112068,
0.110938,
0.109515,
0.107832,
0.105874,
0.103786,
0.101569,
0.099281,
0.096822,
0.094271,
0.091671,
0.089024,
0.086309,
0.083666,
0.081195,
0.078876,
0.076691,
0.074741,
0.073046,
0.071506,
0.070151,
0.069219,
0.068453,
0.067853,
0.067559,
0.067683,
0.068173,
0.068751,
0.069511,
0.070520,
0.071756,
0.073265,
0.075076,
0.077164,
0.079442,
0.081822,
0.084412,
0.087190,
0.090245,
0.093684,
0.097402,
0.101387,
0.105561,
0.109814,
0.114131,
0.118425,
0.122842,
0.127315,
0.131734,
0.136119,
0.140448,
0.144460,
0.148333,
0.152201,
0.156065,
0.159787,
0.163343,
0.166838,
0.170229,
0.173421,
0.176328,
0.179104,
0.181732,
0.183989,
0.185863,
0.187495,
0.188769,
0.189595,
0.190227,
0.190567,
0.190728,
0.190639,
0.190266,
0.189588,
0.188865,
0.188083,
0.187232,
0.186257,
0.185303,
0.184389,
0.183418,
0.182337,
0.181391,
0.180483,
0.179592,
0.178742,
0.177972,
0.177266,
0.176681,
0.176321,
0.176128,
0.175911,
0.175780,
0.175868,
0.176097,
0.176482,
0.177022,
0.177660,
0.178319,
0.179034,
0.179792,
0.180492,
0.181225,
0.181922,
0.182666,
0.183350,
0.184026,
0.184775,
0.185433,
0.186025,
0.186465,
0.186877,
0.187202,
0.187325,
0.187223,
0.186989,
0.186558,
0.185992,
0.185242,
0.184416,
0.183568,
0.182570,
0.181419,
0.180137,
0.178688,
0.177183,
0.175679,
0.174239,
0.172866,
0.171404,
0.169755,
0.168192,
0.166793,
0.165608,
0.164547,
0.163673,
0.162924,
0.162308,
0.161871,
0.161465,
0.161187,
0.161104,
0.161181,
0.161424,
0.161752,
0.162335,
0.163167,
0.164304,
0.165698,
0.167327,
0.169125,
0.171088,
0.173392,
0.175984,
0.178870,
0.181961,
0.185238,
0.188768,
0.192651,
0.196687,
0.200994,
0.205542,
0.210273,
0.215192,
0.220330,
0.225637,
0.231008,
0.236444,
0.241819,
0.247169,
0.252528,
0.257869,
0.263271,
0.268582,
0.273743,
0.278881,
0.283943,
0.288946,
0.293831,
0.298647,
0.303338,
0.307934,
0.312435,
0.316835,
0.321096,
0.325239,
0.329206,
0.333018,
0.336586,
0.339847,
0.342892,
0.345813,
0.348476,
0.350738,
0.352789,
0.354634,
0.356440,
0.358119,
0.359683,
0.361098,
0.362454,
0.363826,
0.365223,
0.366618,
0.367953,
0.369179,
0.370299,
0.371408,
0.372583,
0.373693,
0.374843,
0.375981,
0.377120,
0.378232,
0.379343,
0.380419,
0.381511,
0.382655,
0.383781,
0.384823,
0.385800,
0.386682,
0.387474,
0.388182,
0.388819,
0.389432,
0.389959,
0.390363,
0.390635,
0.390773,
0.390843,
0.390881,
0.390821,
0.390641,
0.390358,
0.389987,
0.389585,
0.389100,
0.388539,
0.387937,
0.387280,
0.386507,
0.385552,
0.384594,
0.383683,
0.382732,
0.381833,
0.380985,
0.380138,
0.379317,
0.378475,
0.377668,
0.376965,
0.376317,
0.375761,
0.375245,
0.374787,
0.374467,
0.374321,
0.374318,
0.374477,
0.374779,
0.375259,
0.375953,
0.376885,
0.378167,
0.379657,
0.381373,
0.383357,
0.385581,
0.388044,
0.390738,
0.393698,
0.396889,
0.400223,
0.403832,
0.407718,
0.411820,
0.416052,
0.420466,
0.425075,
0.429852,
0.434719,
0.439644,
0.444609,
0.449635,
0.454599,
0.459607,
0.464721,
0.469887,
0.475018,
0.480156,
0.485346,
0.490491,
0.495600,
0.500879,
0.506024,
0.511209,
0.516308,
0.521271,
0.526205,
0.531062,
0.535876,
0.540617,
0.545278,
0.549844,
0.554289,
0.558611,
0.562776,
0.566804,
0.570618,
0.574290,
0.577837,
0.581228,
0.584478,
0.587596,
0.590568,
0.593385,
0.596059,
0.598564,
0.600954,
0.603224,
0.605403,
0.607642,
0.609749,
0.611736,
0.613610,
0.615376,
0.617057,
0.618646,
0.620098,
0.621426,
0.622611,
0.623594,
0.624412,
0.625123,
0.625772,
0.626309,
0.626776,
0.627123,
0.627354,
0.627491,
0.627591,
0.627625,
0.627624,
0.627553,
0.627382,
0.627149,
0.626817,
0.626407,
0.625954,
0.625457,
0.624893,
0.624275,
0.623637,
0.622968,
0.622294,
0.621551,
0.620721,
0.619799,
0.618868,
0.617883,
0.616891,
0.615888,
0.614853,
0.613807,
0.612788,
0.611850,
0.610966,
0.610153,
0.609427,
0.608816,
0.608352,
0.608009,
0.607801,
0.607692,
0.607727,
0.607931,
0.608334,
0.608908,
0.609718,
0.610705,
0.611815,
0.613140,
0.614641,
0.616295,
0.618065,
0.620035,
0.622096,
0.624280,
0.626615,
0.629160,
0.631806,
0.634590,
0.637489,
0.640552,
0.643763,
0.647026,
0.650362,
0.653799,
0.657319,
0.660947,
0.664684,
0.668455,
0.672276,
0.676133,
0.680032,
0.683939,
0.687813,
0.691685,
0.700393,
0.707023,
0.711778,
0.713133,
0.720052,
0.731081,
0.732235,
0.741947,
0.737428,
0.733813,
0.752001,
0.761360,
0.753929,
0.760325,
0.766836,
0.760180,
0.744159,
0.746648,
0.756284,
0.744952,
0.749389,
0.761583,
0.769797,
0.780162,
0.782366,
0.778535,
0.785269,
0.790530,
0.792840,
0.793122,
0.791121,
0.793374,
0.799861,
0.797797,
0.801034,
0.815543,
0.816146,
0.815238,
0.817156,
0.815297,
0.823618,
0.812678,
0.826188,
0.822554,
0.822940,
0.811510,
0.822253,
0.830518,
0.840850,
0.854351,
0.860502,
0.884209,
0.888853,
0.887744,
0.896401,
0.910337,
0.917989,
0.930629,
0.952607,
0.967003,
0.977617,
0.998172,
1.020054,
1.038150,
1.055319,
1.078666,
1.098334,
1.118035,
1.139706,
1.167972,
1.199904,
1.219104,
1.234021,
1.268918,
1.292986,
1.302537,
1.330928,
1.347716,
1.358620,
1.381806,
1.405643,
1.427654,
1.448748,
1.472056,
1.501463,
1.511592,
1.542999,
1.568546,
1.581925,
1.603418,
1.614543,
1.640436,
1.679823,
1.701745,
1.719357,
1.739424,
1.770994,
1.807771,
1.836892,
1.865720,
1.894660,
1.935152,
1.977013,
2.026098,
2.001153,
2.081622,
2.046812,
2.055902,
2.097223,
2.098480,
2.155658,
2.123552,
2.129337,
2.185952,
2.188210,
2.173643,
2.191205,
2.171778,
2.186303,
2.221485,
2.236924,
2.211224,
2.274304,
2.273855,
2.348085,
2.420021,
2.601403,
2.482925,
2.630692,
2.667605,
2.751454,
2.809043,
2.723176,
2.766006,
2.763700,
2.586711,
2.587172,
2.484494,
2.877294,
3.149361,
2.964834,
3.102268,
2.955534,
2.535138,
2.442815,
2.489562,
2.450464,
2.420517,
2.607800,
2.874704,
2.821117,
2.734190,
2.467022,
2.447190,
2.448441,
2.415939,
2.437323,
2.508639,
2.652953,
2.843898,
2.499006,
2.547503,
2.465044,
2.604089,
2.377251,
2.371558,
2.317440,
2.237877,
2.325318,
2.305418,
2.255429,
2.302047,
2.180099,
2.148410,
2.132700,
2.148247,
2.098050,
2.053259,
2.018560,
1.967366,
1.938632,
1.892323,
1.931337,
1.936206,
1.823429,
1.812551,
1.817540,
1.834901,
1.764596,
1.674616,
1.597038,
1.540913,
1.539239,
1.486985,
1.469424,
1.496547,
1.494576,
1.456722,
1.373370,
1.382793,
1.359844,
1.333569,
1.310178,
1.290516,
1.266063,
1.245925,
1.224782,
1.206323,
1.188275,
1.172614,
1.156446,
1.140584,
1.124185,
1.111012,
1.096579,
1.083116,
1.071501,
1.062558,
1.052869,
1.043899,
1.035304,
1.029580,
1.025920,
1.022521,
1.018655,
1.016453,
1.015844,
1.016989,
1.019500,
1.022432,
1.025855,
1.029661,
1.035052,
1.042305,
1.049551,
1.057568,
1.065812,
1.075173,
1.085497,
1.096323,
1.108074,
1.120621,
1.132777,
1.145244,
1.158363,
1.171771,
1.184802,
1.199372,
1.212168,
1.226425,
1.239856,
1.254558,
1.268255,
1.281486,
1.295121,
1.309081,
1.321821,
1.334778,
1.347337,
1.357774,
1.368530,
1.378655,
1.389754,
1.401039,
1.411887,
1.421608,
1.429722,
1.439149,
1.447035,
1.453873,
1.459728,
1.464899,
1.470865,
1.474915,
1.478676,
1.481082,
1.483709,
1.483717,
1.483617,
1.483509,
1.482804,
1.481503,
1.477574,
1.473809,
1.472040,
1.464996,
1.457585,
1.450758,
1.441500,
1.438872,
1.436084,
1.432217,
1.429171,
1.428774,
1.424253,
1.419518,
1.419383,
1.414586,
1.405382,
1.405974,
1.401468,
1.397119,
1.394601,
1.391579,
1.383425,
1.375265,
1.371088,
1.367572,
1.357536,
1.357984,
1.357223,
1.355771,
1.352211,
1.347085,
1.342281,
1.335884,
1.329578,
1.326880,
1.322935,
1.318093,
1.309514,
1.309669,
1.306749,
1.299913,
1.295340,
1.291589,
1.282938,
1.280790,
1.275586,
1.274508,
1.270241,
1.264636,
1.260314,
1.243747,
1.240515,
1.228915,
1.220707,
1.213564,
1.203158,
1.201433,
1.197176,
1.189094,
1.179497,
1.164093,
1.158967,
1.152281,
1.149467,
1.141547,
1.131032,
1.116244,
1.107883,
1.100631,
1.088921,
1.086876,
1.083041,
1.072939,
1.070649,
1.067487,
1.060963,
1.055143,
1.045808,
1.039257,
1.030990,
1.022076,
1.020475,
1.016573,
1.010983,
1.007506,
1.005566,
0.999643,
1.004151,
0.999242,
0.998052,
0.998043,
1.000176,
1.000386,
0.999331,
0.999804,
0.998726,
0.999187,
1.005261,
1.010625,
1.016256,
1.023676,
1.026619,
1.034656,
1.038762,
1.044163,
1.053249,
1.041805,
1.041936,
1.027919,
1.042055,
1.011797,
1.029976,
0.997008,
0.993757,
1.017645,
0.993119,
0.996290,
0.974180,
0.962167,
0.981174,
0.966014,
0.952233,
0.963497,
0.957765,
0.964692,
0.970428,
0.968734,
0.962732,
1.001189,
0.968953,
0.999250,
1.024226,
1.057596,
1.036531,
1.044982,
1.033064,
1.028320,
1.043042,
1.031748,
1.057801,
1.059723,
1.031786,
1.026113,
1.009841,
1.019313,
1.038284,
1.028075,
1.032197,
1.013028,
0.981655,
0.971806,
0.976120,
0.976560,
0.976599,
0.978127,
0.980789,
0.974665,
0.954144,
0.953376,
0.950030,
0.953744,
0.941986,
0.946869,
0.949122,
0.927735,
0.921531,
0.914566,
0.918088,
0.891460,
0.895438,
0.872957,
0.880767,
0.885509,
0.859333,
0.861959,
0.854656,
0.853016,
0.866149,
0.825737,
0.817285,
0.810870,
0.816139,
0.793283,
0.780998,
0.766788,
0.761590,
0.744887,
0.743611,
0.761395,
0.744975,
0.688106,
0.694958,
0.694148,
0.688008,
0.673715,
0.649140,
0.639986,
0.626589,
0.609866,
0.585301,
0.573988,
0.590851,
0.591955,
0.579687,
0.555601,
0.545236,
0.547232,
0.540212,
0.538452,
0.532491,
0.521441,
0.518611,
0.518480,
0.515665,
0.519212,
0.512985,
0.497974,
0.485001,
0.481392,
0.481729,
0.473820,
0.486239,
0.476862,
0.465821,
0.461338,
0.461503,
0.448262,
0.432106,
0.420042,
0.414796,
0.404146,
0.403018,
0.404510,
0.386287,
0.388970,
0.384588,
0.382237,
0.389233,
0.380648,
0.368916,
0.367382,
0.372649,
0.378656,
0.375549,
0.372804,
0.380877,
0.391524,
0.402345,
0.388936,
0.383923,
0.390085,
0.386174,
0.389753,
0.367179,
0.359295,
0.348799,
0.335374,
0.327759,
0.324215,
0.325928,
0.329773,
0.319647,
0.329251,
0.327926,
0.328089,
0.322772,
0.338231,
0.314853,
0.337815,
0.320736,
0.311472,
0.281901,
0.293339,
0.280235,
0.271343,
0.265177,
0.266461,
0.261122,
0.251024,
0.251331,
0.251513,
0.251064,
0.251299,
0.238900,
0.228887,
0.226071,
0.223428,
0.223003,
0.232587,
0.240115,
0.230882,
0.234597,
0.236118,
0.221101,
0.219061,
0.220352,
0.224542,
0.230115,
0.222649,
0.225459,
0.231534,
0.231473,
0.223527,
0.227068,
0.213637,
0.214392,
0.218387,
0.222505,
0.220158,
0.220842,
0.213077,
0.197686,
0.192987,
0.199279,
0.200735,
0.196760,
0.193081,
0.180661,
0.173714,
0.167448,
0.162540,
0.160532,
0.161636,
0.159678,
0.155730,
0.142905,
0.131425,
0.124409,
0.112267,
0.107908,
0.101163,
0.096641,
0.096363,
0.097063,
0.100070,
0.101014,
0.095780,
0.094750,
0.086825,
0.083289,
0.085619,
0.079360,
0.073442,
0.074073,
0.068954,
0.068222,
0.067714,
0.067476,
0.067498,
0.067755,
0.068302,
0.069029,
0.069925,
0.070974,
0.072074,
0.073357,
0.074748,
0.076215,
0.077767,
0.079439,
0.081193,
0.082888,
0.084561,
0.086236,
0.087860,
0.089290,
0.090593,
0.091731,
0.092720,
0.093444,
0.093967,
0.094337,
0.094573,
0.094626,
0.094423,
0.094004,
0.093345,
0.092376,
0.091225,
0.089907,
0.088428,
0.086805,
0.085115,
0.083334,
0.081528,
0.079614,
0.077579,
0.075516,
0.073522,
0.071534,
0.069572,
0.067775,
0.066082,
0.064600,
0.063253,
0.062057,
0.061067,
0.060358,
0.059894,
0.059692,
0.059749,
0.060063,
0.060632,
0.061402,
0.062235,
0.063271,
0.064506,
0.065982,
0.067673,
0.069618,
0.071722,
0.073772,
0.075928,
0.078212,
0.080782,
0.083518,
0.086477,
0.089658,
0.092994,
0.096397,
0.099900,
0.103503,
0.107235,
0.110928,
0.114639,
0.118382,
0.122140,
0.125734,
0.129123,
0.132394,
0.135658,
0.138837,
0.141898,
0.144852,
0.147780,
0.150586,
0.153133,
0.155613,
0.157946,
0.160052,
0.161943,
0.163622,
0.164976,
0.165912,
0.166581,
0.167086,
0.167448,
0.167665,
0.167732,
0.167675,
0.167422,
0.167128,
0.166761,
0.166293,
0.165804,
0.165177,
0.164423,
0.163874,
0.163278,
0.162631,
0.162015,
0.161430,
0.160937,
0.160555,
0.160278,
0.160161,
0.160205,
0.160220,
0.160187,
0.160213,
0.160475,
0.160873,
0.161308,
0.161729,
0.162163,
0.162692,
0.163271,
0.163875,
0.164444,
0.165045,
0.165696,
0.166351,
0.166978,
0.167574,
0.168167,
0.168690,
0.169140,
0.169535,
0.169830,
0.170051,
0.170180,
0.170062,
0.169819,
0.169441,
0.168923,
0.168350,
0.167714,
0.166958,
0.166190,
0.165293,
0.164304,
0.163310,
0.162374,
0.161452,
0.160528,
0.159605,
0.158556,
0.157513,
0.156623,
0.155853,
0.155200,
0.154710,
0.154392,
0.154146,
0.154033,
0.154009,
0.154052,
0.154207,
0.154535,
0.154966,
0.155550,
0.156307,
0.157254,
0.158386,
0.159736,
0.161277,
0.162957,
0.164704,
0.166695,
0.168950,
0.171437,
0.174184,
0.177124,
0.180259,
0.183631,
0.187225,
0.190991,
0.194976,
0.199120,
0.203436,
0.207923,
0.212541,
0.217267,
0.222019,
0.226832,
0.231624,
0.236458,
0.241231,
0.246005,
0.250649,
0.255217,
0.259796,
0.264371,
0.268903,
0.273364,
0.277754,
0.282042,
0.286250,
0.290402,
0.294473,
0.298450,
0.302287,
0.305982,
0.309560,
0.313012,
0.316259,
0.319253,
0.322053,
0.324701,
0.327133,
0.329338,
0.331343,
0.333143,
0.334862,
0.336423,
0.337928,
0.339414,
0.340826,
0.342233,
0.343699,
0.345124,
0.346529,
0.347804,
0.349008,
0.350206,
0.351399,
0.352605,
0.353773,
0.354962,
0.356141,
0.357295,
0.358457,
0.359609,
0.360766,
0.361943,
0.363077,
0.364124,
0.365086,
0.366015,
0.366884,
0.367661,
0.368307,
0.368882,
0.369381,
0.369821,
0.370168,
0.370449,
0.370660,
0.370815,
0.370921,
0.370959,
0.370929,
0.370847,
0.370761,
0.370590,
0.370336,
0.370057,
0.369753,
0.369349,
0.368893,
0.368467,
0.368056,
0.367718,
0.367354,
0.366991,
0.366649,
0.366298,
0.365975,
0.365735,
0.365467,
0.365267,
0.365078,
0.365054,
0.365142,
0.365323,
0.365619,
0.366052,
0.366635,
0.367375,
0.368262,
0.369323,
0.370579,
0.372055,
0.373734,
0.375622,
0.377736,
0.380042,
0.382536,
0.385211,
0.388083,
0.391105,
0.394331,
0.397693,
0.401210,
0.404923,
0.408823,
0.412862,
0.417049,
0.421348,
0.425778,
0.430260,
0.434696,
0.439161,
0.443647,
0.448161,
0.452701,
0.457245,
0.461878,
0.466575,
0.471246,
0.475903,
0.480520,
0.485143,
0.489819,
0.494653,
0.499376,
0.503920,
0.508382,
0.512790,
0.517138,
0.521437,
0.525669,
0.529750,
0.533719,
0.537586,
0.541354,
0.545013,
0.548613,
0.552060,
0.555380,
0.558569,
0.561636,
0.564609,
0.567455,
0.570154,
0.572710,
0.575143,
0.577477,
0.579730,
0.581880,
0.583977,
0.586051,
0.588037,
0.589910,
0.591688,
0.593384,
0.594993,
0.596552,
0.597983,
0.599275,
0.600412,
0.601424,
0.602358,
0.603245,
0.604033,
0.604750,
0.605377,
0.605917,
0.606364,
0.606733,
0.607039,
0.607285,
0.607446,
0.607557,
0.607612,
0.607573,
0.607472,
0.607306,
0.607086,
0.606812,
0.606513,
0.606211,
0.605880,
0.605533,
0.605169,
0.604739,
0.604230,
0.603630,
0.603007,
0.602361,
0.601724,
0.601102,
0.600495,
0.599935,
0.599443,
0.599008,
0.598632,
0.598350,
0.598223,
0.598189,
0.598234,
0.598369,
0.598609,
0.598998,
0.599557,
0.600250,
0.601047,
0.601993,
0.603097,
0.604369,
0.605787,
0.607358,
0.609060,
0.610907,
0.612880,
0.614988,
0.617209,
0.619471,
0.621814,
0.624268,
0.626840,
0.629521,
0.632304,
0.635142,
0.638049,
0.641061,
0.644159,
0.647377,
0.669807,
0.689455,
0.707522,
0.720380,
0.741890,
0.767497,
0.779403,
0.802278,
0.807895,
0.815343,
0.849444,
0.872034,
0.872634,
0.891122,
0.909821,
0.910394,
0.898674,
0.908559,
0.929837,
0.921719,
0.933793,
0.983110,
1.025213,
1.069180,
1.097898,
1.119574,
1.159965,
1.195421,
1.219962,
1.243979,
1.269148,
1.292211,
1.327537,
1.348646,
1.373256,
1.415887,
1.440888,
1.460644,
1.482698,
1.499196,
1.532849,
1.530071,
1.562597,
1.566765,
1.580238,
1.576951,
1.602365,
1.625479,
1.651216,
1.673094,
1.683954,
1.720714,
1.732213,
1.727342,
1.737807,
1.756359,
1.764059,
1.775360,
1.803784,
1.812642,
1.824066,
1.843328,
1.867034,
1.879634,
1.893311,
1.920657,
1.932889,
1.948573,
1.964064,
1.983337,
2.014014,
2.022970,
2.025935,
2.055210,
2.073162,
2.071194,
2.089883,
2.091659,
2.085349,
2.094509,
2.107114,
2.122600,
2.132085,
2.140767,
2.161330,
2.155747,
2.174838,
2.187665,
2.180197,
2.185877,
2.174728,
2.184606,
2.214118,
2.223298,
2.228727,
2.235069,
2.253025,
2.280666,
2.304550,
2.321393,
2.327584,
2.338749,
2.385544,
2.391357,
2.299170,
2.344148,
2.282426,
2.303196,
2.315792,
2.304387,
2.324937,
2.320867,
2.326647,
2.360466,
2.334114,
2.369984,
2.415343,
2.459692,
2.478459,
2.447922,
2.456116,
2.495863,
2.480781,
2.480566,
2.424404,
2.366611,
2.401866,
2.339661,
2.307933,
2.336870,
2.306177,
2.319702,
2.217872,
2.210184,
2.253313,
2.179414,
2.160596,
2.162675,
2.095239,
2.195318,
2.090384,
2.121238,
2.078155,
2.167362,
2.164868,
2.207515,
2.267696,
2.433760,
2.223075,
2.285131,
2.305345,
2.343901,
2.341484,
2.305757,
2.367451,
2.370879,
2.326074,
2.327332,
2.316238,
2.334505,
2.382128,
2.360997,
2.424671,
2.446121,
2.357352,
2.316623,
2.347840,
2.327609,
2.365050,
2.403522,
2.449396,
2.454664,
2.403879,
2.401761,
2.438324,
2.506274,
2.520807,
2.543427,
2.646171,
2.662215,
2.750640,
2.698386,
2.752413,
2.649578,
2.637463,
2.638315,
2.708429,
2.688280,
2.664539,
2.765164,
2.737960,
2.711323,
2.740603,
2.650411,
2.661222,
2.659534,
2.723696,
2.707934,
2.660214,
2.639122,
2.549110,
2.557168,
2.518805,
2.635993,
2.647153,
2.543749,
2.563310,
2.613551,
2.730008,
2.677205,
2.543005,
2.503382,
2.437212,
2.470762,
2.404813,
2.410388,
2.464670,
2.487549,
2.403521,
2.195755,
2.169259,
2.130677,
2.130120,
2.094280,
2.041137,
2.043666,
2.008369,
1.988341,
1.993246,
1.995938,
1.955483,
1.973894,
1.953505,
1.922983,
1.898751,
1.912881,
1.919809,
1.928557,
1.907480,
1.887461,
1.860269,
1.859686,
1.835505,
1.826024,
1.840824,
1.818518,
1.790454,
1.756448,
1.737771,
1.716105,
1.720584,
1.693969,
1.692986,
1.702888,
1.746614,
1.765355,
1.704492,
1.685024,
1.670945,
1.676875,
1.654593,
1.607625,
1.594531,
1.620339,
1.603372,
1.574908,
1.549560,
1.516379,
1.521117,
1.530836,
1.530237,
1.597334,
1.599946,
1.690154,
1.677813,
1.619022,
1.732790,
1.723304,
1.656482,
1.632345,
1.619407,
1.654315,
1.550543,
1.459398,
1.432036,
1.431541,
1.404895,
1.328327,
1.362353,
1.372487,
1.450256,
1.526654,
1.642321,
1.548580,
1.637808,
1.564683,
1.572125,
1.625222,
1.604398,
1.632504,
1.618649,
1.623822,
1.662276,
1.598411,
1.585595,
1.520515,
1.479591,
1.464633,
1.411044,
1.451665,
1.503107,
1.447967,
1.474329,
1.418809,
1.410517,
1.453856,
1.477196,
1.486714,
1.447781,
1.476016,
1.503055,
1.553604,
1.557056,
1.512436,
1.511169,
1.494471,
1.557527,
1.553486,
1.595860,
1.594977,
1.597406,
1.526122,
1.510596,
1.499768,
1.522505,
1.506747,
1.497499,
1.502393,
1.507118,
1.517549,
1.545329,
1.543006,
1.555332,
1.522540,
1.510438,
1.522280,
1.519621,
1.548596,
1.553859,
1.547675,
1.567444,
1.588925,
1.569789,
1.541296,
1.505894,
1.492551,
1.499624,
1.500678,
1.493557,
1.529665,
1.600585,
1.590374,
1.615341,
1.621499,
1.589243,
1.577932,
1.575500,
1.551080,
1.571617,
1.554499,
1.599484,
1.598133,
1.600678,
1.604235,
1.609819,
1.612236,
1.612676,
1.614580,
1.614277,
1.615453,
1.622997,
1.629193,
1.635314,
1.643433,
1.645961,
1.654667,
1.658406,
1.663704,
1.673642,
1.653735,
1.646262,
1.622043,
1.642069,
1.593658,
1.618775,
1.566210,
1.554836,
1.588935,
1.550270,
1.564980,
1.533114,
1.506953,
1.539543,
1.512025,
1.490354,
1.507807,
1.489613,
1.489808,
1.489138,
1.487310,
1.469657,
1.517603,
1.470673,
1.512467,
1.540714,
1.607082,
1.548283,
1.570102,
1.553504,
1.547116,
1.548748,
1.536293,
1.559613,
1.541082,
1.507608,
1.501703,
1.492506,
1.490383,
1.506532,
1.498328,
1.493270,
1.477758,
1.420504,
1.409762,
1.408855,
1.409082,
1.400720,
1.381050,
1.382488,
1.371588,
1.347425,
1.357939,
1.336743,
1.344479,
1.322813,
1.334880,
1.338110,
1.306928,
1.292309,
1.270615,
1.278621,
1.232014,
1.238055,
1.201133,
1.208914,
1.217053,
1.172982,
1.184785,
1.178735,
1.183240,
1.212484,
1.150475,
1.144483,
1.128188,
1.139820,
1.120755,
1.101233,
1.081742,
1.078454,
1.054945,
1.063084,
1.090512,
1.062010,
0.986183,
1.000532,
1.000674,
0.995901,
0.987741,
0.964437,
0.962750,
0.950516,
0.930171,
0.899194,
0.888440,
0.934234,
0.939051,
0.914491,
0.870592,
0.848316,
0.857471,
0.849437,
0.852702,
0.846460,
0.828796,
0.826788,
0.831342,
0.829859,
0.838664,
0.827351,
0.802700,
0.782557,
0.775213,
0.779120,
0.770121,
0.796078,
0.782428,
0.766699,
0.759679,
0.763155,
0.739334,
0.709654,
0.686521,
0.675499,
0.661107,
0.658602,
0.662282,
0.629142,
0.634942,
0.629430,
0.623292,
0.632683,
0.617478,
0.596028,
0.594490,
0.603415,
0.610239,
0.603293,
0.595179,
0.607179,
0.622155,
0.633091,
0.600211,
0.588803,
0.589278,
0.581193,
0.584556,
0.533581,
0.512009,
0.481910,
0.455147,
0.438626,
0.428638,
0.428983,
0.433526,
0.409950,
0.419852,
0.408919,
0.403234,
0.387983,
0.409839,
0.368796,
0.412161,
0.386816,
0.372912,
0.317821,
0.338071,
0.311127,
0.295029,
0.284089,
0.283135,
0.276330,
0.267670,
0.269865,
0.271737,
0.273766,
0.274233,
0.243040,
0.230084,
0.231539,
0.230911,
0.225744,
0.250590,
0.270204,
0.255116,
0.262708,
0.270989,
0.244198,
0.239001,
0.239920,
0.237458,
0.249258,
0.241944,
0.258260,
0.275430,
0.272245,
0.251752,
0.238842,
0.227763,
0.228650,
0.225632,
0.233994,
0.222272,
0.230740,
0.218316,
0.211282,
0.212537,
0.210692,
0.206400,
0.204268,
0.204575,
0.196489,
0.193055,
0.186676,
0.184684,
0.181572,
0.179530,
0.179753,
0.178526,
0.170413,
0.160286,
0.155598,
0.139877,
0.134417,
0.126928,
0.122711,
0.124608,
0.128391,
0.131686,
0.135024,
0.127390,
0.122309,
0.119349,
0.115859,
0.122056,
0.115543,
0.108468,
0.109915,
0.104272,
0.104633,
0.105317,
0.106019,
0.106753,
0.107767,
0.108903,
0.110149,
0.111497,
0.113015,
0.114664,
0.116412,
0.118252,
0.120074,
0.121818,
0.123473,
0.124949,
0.126222,
0.127368,
0.128402,
0.129175,
0.129634,
0.129866,
0.129859,
0.129626,
0.129190,
0.128521,
0.127610,
0.126433,
0.124929,
0.123304,
0.121449,
0.119454,
0.117324,
0.115052,
0.112630,
0.110128,
0.107707,
0.105323,
0.102993,
0.100863,
0.098885,
0.097035,
0.095365,
0.093815,
0.092365,
0.091069,
0.089986,
0.089035,
0.088289,
0.087805,
0.087658,
0.087805,
0.088189,
0.088929,
0.089934,
0.091081,
0.092480,
0.094154,
0.096127,
0.098385,
0.100828,
0.103491,
0.106548,
0.109920,
0.113535,
0.117541,
0.121905,
0.126529,
0.131270,
0.136145,
0.141210,
0.146371,
0.151522,
0.156752,
0.162081,
0.167431,
0.172757,
0.178020,
0.183241,
0.188320,
0.193310,
0.198306,
0.203272,
0.208188,
0.212942,
0.217320,
0.221494,
0.225547,
0.229559,
0.233440,
0.237081,
0.240397,
0.243452,
0.246248,
0.248742,
0.250906,
0.252832,
0.254311,
0.255342,
0.256071,
0.256626,
0.256891,
0.256952,
0.256863,
0.256480,
0.256115,
0.256029,
0.255851,
0.255824,
0.255928,
0.256034,
0.255923,
0.255929,
0.256005,
0.256127,
0.256273,
0.256460,
0.256743,
0.257097,
0.257552,
0.258042,
0.258575,
0.259190,
0.259805,
0.260452,
0.261158,
0.261839,
0.262464,
0.263059,
0.263682,
0.264355,
0.265048,
0.265730,
0.266327,
0.266885,
0.267345,
0.267672,
0.267858,
0.267877,
0.267775,
0.267550,
0.267148,
0.266647,
0.265944,
0.265066,
0.263959,
0.262727,
0.261496,
0.260143,
0.258765,
0.257306,
0.255825,
0.254302,
0.252803,
0.251262,
0.249818,
0.248386,
0.246944,
0.245578,
0.244323,
0.243165,
0.242147,
0.241272,
0.240516,
0.239801,
0.239167,
0.238802,
0.238758,
0.238965,
0.239408,
0.240107,
0.240970,
0.242009,
0.243317,
0.244800,
0.246522,
0.248560,
0.250824,
0.253332,
0.256082,
0.259072,
0.262382,
0.265980,
0.269910,
0.274187,
0.278648,
0.283121,
0.287824,
0.292743,
0.297800,
0.303016,
0.308371,
0.313885,
0.319576,
0.325447,
0.331194,
0.337014,
0.342807,
0.348428,
0.353941,
0.359459,
0.364923,
0.370329,
0.375659,
0.380943,
0.386168,
0.391342,
0.396471,
0.401491,
0.406301,
0.411012,
0.415413,
0.419619,
0.423683,
0.427600,
0.431492,
0.435345,
0.438978,
0.442429,
0.445786,
0.448895,
0.451839,
0.454520,
0.456924,
0.459183,
0.461217,
0.463130,
0.464946,
0.466815,
0.468702,
0.470498,
0.472251,
0.473948,
0.475605,
0.477167,
0.478735,
0.480301,
0.481833,
0.483371,
0.484928,
0.486373,
0.487769,
0.489131,
0.490509,
0.491786,
0.492958,
0.493947,
0.494824,
0.495586,
0.496273,
0.496843,
0.497296,
0.497590,
0.497772,
0.497865,
0.497825,
0.497737,
0.497584,
0.497315,
0.497006,
0.496567,
0.495983,
0.495290,
0.494469,
0.493592,
0.492634,
0.491619,
0.490556,
0.489428,
0.488309,
0.487169,
0.486018,
0.484842,
0.483652,
0.482504,
0.481392,
0.480341,
0.479396,
0.478629,
0.477896,
0.477346,
0.476936,
0.476687,
0.476535,
0.476517,
0.476662,
0.476979,
0.477479,
0.478181,
0.479090,
0.480275,
0.481776,
0.483516,
0.485392,
0.487455,
0.489731,
0.492242,
0.494900,
0.497776,
0.500881,
0.504102,
0.507528,
0.510978,
0.514470,
0.518115,
0.522004,
0.526088,
0.530435,
0.534930,
0.539616,
0.544358,
0.549039,
0.553752,
0.558448,
0.563102,
0.567754,
0.572538,
0.577389,
0.582248,
0.587146,
0.592017,
0.596919,
0.601767,
0.606577,
0.611317,
0.616001,
0.620637,
0.625226,
0.629745,
0.634167,
0.638540,
0.642860,
0.647047,
0.651118,
0.655020,
0.658766,
0.662404,
0.665934,
0.669319,
0.672597,
0.675747,
0.678785,
0.681685,
0.684353,
0.686877,
0.689254,
0.691415,
0.693445,
0.695403,
0.697264,
0.698997,
0.700606,
0.701960,
0.703142,
0.704167,
0.705099,
0.705891,
0.706481,
0.706912,
0.707252,
0.707491,
0.707700,
0.707805,
0.707783,
0.707696,
0.707547,
0.707249,
0.706849,
0.706374,
0.705828,
0.705196,
0.704475,
0.703666,
0.702761,
0.701811,
0.700809,
0.699768,
0.698672,
0.697475,
